Track URI,Track Name,Album Name,Artist Name(s),Release Date,Duration (ms),Popularity,Explicit,Added By,Added At,Genres,Record Label,Danceability,Energy,Key,Loudness,Mode,Speechiness,Acousticness,Instrumentalness,Liveness,Valence,Tempo,Time Signature
spotify:track:7nhT7NOcyixKV17KLPAzdE,"Zúmbalo","La Orquesta Que Impone El Ritmo","Los Melódicos",2006-01-01,265546,56,false,zptjlytrhkfvnay62b8i1w5gr,2026-02-22T22:11:04Z,"merengue,tropical music,electrocumbia","YOYO USA, Inc.",0.897,0.831,9,-7.906,1,0.05,0.297,0.00473,0.0381,0.979,123.965,4
spotify:track:1gcLwCdALFFT5qvpDZgFu7,"Vete y Dile","Vete y Dile","Sergio Vargas",2001-01-01,296586,52,false,julianchy,2026-02-22T22:12:57Z,"merengue,salsa,tropical music","Union Records",0.614,0.9,5,-4.801,1,0.157,0.154,0,0.0385,0.709,149.89,4
spotify:track:7fLBzA1v6P0CXQ52OOLZdO,"Ni Tu Ni Yo","Mi Propuesta 1996","Sergio Vargas",1996,279680,53,false,julianchy,2026-02-22T22:13:00Z,"merengue,salsa,tropical music","Sony Music Latin",0.755,0.889,10,-5.804,0,0.0505,0.508,0.0001,0.274,0.753,135.289,4
spotify:track:0eaCLC0UBpc0Wh0EikTe9u,"Dile","A Tiempo","Sergio Vargas",1999-01-12,303293,51,false,julianchy,2026-02-22T22:13:05Z,"merengue,salsa,tropical music","Ariola",0.762,0.794,11,-4.662,0,0.0375,0.305,0.000136,0.102,0.721,140.048,4
spotify:track:71aYs6YwziN3BSbhqZfR4s,"Mala Memoria","Mi Propuesta 1996","Sergio Vargas",1996,282560,41,false,julianchy,2026-02-22T22:13:08Z,"merengue,salsa,tropical music","Sony Music Latin",0.741,0.803,10,-7.821,1,0.0464,0.286,0.000487,0.283,0.935,135.245,4
spotify:track:14O3hLuJMDRC8800QjuILq,"Cuarto de Hotel","12 Golden Hits","Bonny Cepeda",2011-04-12,298106,50,false,julianchy,2026-02-22T22:13:14Z,"merengue,salsa","Combo Records",0.504,0.807,5,-5.26,1,0.0329,0.389,0,0.169,0.879,139.362,4
spotify:track:2qP57GBFvveLpOLNWXHHm0,"Culpables","Para Siempre","Eddy Herrera",2003,262133,45,false,julianchy,2026-02-22T22:13:25Z,"merengue,salsa","J&N Records",0.683,0.867,5,-7.789,0,0.0636,0.651,0.00073,0.352,0.841,148.18,4
spotify:track:5O4a5RCYTJ452nsCuiPwtD,"El Jardinero","Los Años Dorados","Wilfrido Vargas",1988-01-01,266762,55,false,julianchy,2026-02-22T22:13:28Z,"merengue,tropical music,salsa","Karen Records Inc",0.397,0.686,2,-14.055,1,0.222,0.407,0,0.136,0.738,131.606,4
spotify:track:2bzg8wB7kCT9LJTunJ5kHm,"Una Fotografia","Dance It! - Bailalo!","Bonny Cepeda;Grupo Mania;Sergio Vargas",2012-09-07,247093,60,false,julianchy,2026-02-22T22:13:38Z,"merengue,salsa,tropical music","Pumar Records",0.592,0.826,9,-5.682,0,0.0291,0.382,0.000178,0.144,0.972,140.072,4
spotify:track:30SYpouR2GJJvtY3gjFz7V,"El Loco y La Luna","Los Años Dorados","Wilfrido Vargas",1988-01-01,291395,44,false,julianchy,2026-02-22T22:13:44Z,"merengue,tropical music,salsa","Karen Records Inc",0.423,0.594,10,-13.856,1,0.0479,0.421,0.00000192,0.1,0.944,127.866,4
spotify:track:51N1tsic7AMvkH5WfW7yTP,"El Gorila (Merengazo)","Sin Medir Distancia","Rikarena",1997-03-11,278373,39,false,julianchy,2026-02-22T22:14:05Z,"merengue,salsa,tropical music","J&N Records",0.729,0.846,0,-9.509,1,0.0939,0.403,0.000182,0.307,0.926,163.124,4
spotify:track:4mxSKZcao1Eu3MzVOXjiiT,"No Se Olvidar","Pegame Tu Vicio","Eddy Herrera",2001-07-17,273786,31,false,julianchy,2026-02-22T22:14:26Z,"merengue,salsa","Columbia",0.717,0.785,11,-6.957,0,0.0328,0.607,0.00019,0.123,0.961,131.969,4
spotify:track:16LDbpqgCtvEZDQ5wfOWrj,"Nuestra Cancion","Suavemente","Elvis Crespo",1998-02-27,208640,66,false,julianchy,2026-02-22T22:14:32Z,"merengue,latin dance,salsa,latin","Sony Music Latin",0.692,0.885,7,-3.132,0,0.0466,0.425,0.00256,0.239,0.923,126.228,4
spotify:track:2eRba627Otdkl6SsPyYWnY,"La Ventanita","Lucharé","Mickey Taveras",1995-01-01,284533,34,false,julianchy,2026-02-22T22:14:36Z,"salsa,merengue","Karen Publishing Company",0.648,0.815,2,-4.756,1,0.0404,0.229,0,0.13,0.953,126.507,4
spotify:track:19nKV5HPKjZxdc2Lsq5yZ4,"El Cantinero Rap","En Accion!","Jossie Esteban;La Patrulla 15",1992,325933,34,false,julianchy,2026-02-22T22:15:00Z,"merengue,tropical music","TTH Records",0.68,0.655,5,-13.315,0,0.0698,0.65,0.000218,0.262,0.89,137.594,4
spotify:track:2tWSh1ui05HkfiPjVStkJJ,"El Venao","Totally Merengue Hitzz","Ramón Orlando",2015-03-03,215240,35,false,julianchy,2026-02-22T22:15:12Z,"merengue,salsa","NVO Records, Inc",0.777,0.783,8,-9.348,1,0.0618,0.131,0.00000706,0.0991,0.678,126.071,4
spotify:track:09rl25gkGNV7iT7Q5h5ZXc,"El Virao","Merengue Pa' La Calle Platinum 8","Puro Merengon",2004-10-19,249720,25,false,julianchy,2026-02-22T22:15:17Z,"merengue","Max Mex Records",0.739,0.949,2,-4.309,1,0.242,0.182,0.00000696,0.0242,0.703,84.884,4
spotify:track:2em0pwdGyN32KGZSAzPN83,"El Comején","Wilfrido Vargas & Sandy Reyes","Wilfrido Vargas;Sandy Reyes",1982-01-01,260105,25,false,julianchy,2026-02-22T22:15:37Z,"merengue,tropical music,salsa","Karen Records Inc",0.562,0.654,0,-12.887,1,0.053,0.571,0.00647,0.0606,0.915,143.705,4
spotify:track:19Y0LF5TziCORmpe5R2ekY,"La Tanguita Roja","Top 40","Oro Solido",2016,252746,53,false,julianchy,2026-02-22T22:16:19Z,"merengue","Wahoo Music / 24K Entertainment",0.801,0.953,11,-2.129,1,0.181,0.22,0.00000148,0.0342,0.477,90.616,4
spotify:track:0c27iEtApUClcQ44aZ4BIP,"La Tanga","Internacional","Oro Solido",2016,267733,59,false,julianchy,2026-02-22T22:16:24Z,"merengue","Wahoo Music / 24K Entertainment",0.776,0.771,11,-8.244,1,0.159,0.241,0.00000114,0.0869,0.498,84.907,4
spotify:track:4jRxEVNituPZObHbCSBZL3,"Guallando","El Hombre Mas Famoso De La Tierra","Fulanito",1997-11-21,205333,64,false,julianchy,2026-02-22T22:16:43Z,"merengue","Cutting Records",0.681,0.907,7,-8.181,1,0.0699,0.0497,0,0.715,0.94,149.938,4
spotify:track:2EWZswsvSERfAWzXPE2trG,"El Cepillo","Greatest Hits","Fulanito",2008-04-15,206493,59,false,julianchy,2026-02-22T22:16:51Z,"merengue","Cutting Records",0.728,0.938,7,-7.844,1,0.077,0.0721,0.000173,0.0318,0.938,150.004,4
spotify:track:37ws88i53kzULHGoip4u1h,"El Grillero","New Era","Proyecto Uno",1996,396266,43,false,julianchy,2026-02-22T22:17:02Z,"merengue,latin house","H.O.L.A.",0.667,0.819,9,-9.469,1,0.568,0.173,0,0.415,0.558,162.894,4
spotify:track:6E8LDqPYhgxGyZE44tXXkH,"Bachata Merengue","Agua","Wilfrido Vargas",1989-09-12,277054,50,false,julianchy,2026-02-22T22:17:12Z,"merengue,tropical music,salsa","Discos TRUS",0.661,0.768,11,-7.396,1,0.264,0.2,0,0.143,0.918,160.28,4
spotify:track:4V8uHuLaBRxQ02H4YNCOO7,"Sopa de Caracol","Lo Mejor de Banda Blanca - 16 Exitos","Banda Blanca",1993-03-23,293906,62,false,julianchy,2026-02-22T22:17:17Z,"merengue,punta,cumbia","Great Touch-Pow",0.927,0.544,3,-14.621,1,0.0769,0.308,0.0000103,0.312,0.961,124.283,4
spotify:track:7yEzrqSsvmAQGpEQtl1UYp,"La Fiesta","Otra Vez","Sandy & Papo",1997-06-17,280360,52,false,julianchy,2026-02-22T22:17:34Z,"merengue","La Oreja Media Group, Inc.",0.87,0.788,6,-7.005,1,0.0425,0.116,0.00968,0.104,0.927,130.068,4
spotify:track:0xv6hhmkF4XLzG87mNA1ia,"Sin Sentimiento","Cielo De Tambores","Grupo Niche",1990-09-22,295600,67,false,julianchy,2026-02-22T22:18:10Z,"salsa,merengue","Codiscos",0.611,0.627,2,-9.978,0,0.0358,0.304,0,0.116,0.627,82.538,4
spotify:track:68runhwF0SdEN1DFSadXWk,"Anhelo","Reclamando Nuestro Espacio","Adolescent's Orquesta",1995-02-10,248555,75,false,julianchy,2026-02-22T22:18:16Z,"salsa,merengue","KORTA RECORDS",0.739,0.521,8,-13.858,1,0.0471,0.404,0.00000409,0.0727,0.807,91.095,4
spotify:track:1F1VPI3wUKEKA1DPx5Y9Fy,"Cuenta Conmigo","No Me Olvidaras","Jerry Rivera",1990,230186,66,false,julianchy,2026-02-22T22:18:21Z,"salsa,merengue","Sony Tropical",0.673,0.718,1,-4.666,1,0.0379,0.609,0.0000688,0.316,0.917,176.89,4
spotify:track:5H1mAzh396id1TPT0JaItz,"Persona Ideal","Millenium Hits","Adolescent's Orquesta",1999-10-18,281260,72,false,julianchy,2026-02-22T22:18:26Z,"salsa,merengue","KORTA RECORDS",0.467,0.715,2,-4.916,0,0.0324,0.398,0,0.114,0.841,97.765,4
spotify:track:7r0ckjpJUZwOASD1VLJgS7,"Todo Tiene Su Final","Lo Mato","Willie Colón;Héctor Lavoe",1973-12-31,303373,66,false,julianchy,2026-02-22T22:18:34Z,"salsa,merengue,son cubano,bolero","Fania",0.498,0.85,5,-6.494,0,0.042,0.74,0.000273,0.292,0.935,101.299,4
spotify:track:2YtWJzOcIHGC7uNbANUtPE,"Pequeñas Cosas","Justo A Tiempo","Willie Gonzalez",2006-01-01,307173,64,false,julianchy,2026-02-22T22:18:42Z,"salsa","Musical Productions",0.687,0.578,9,-8.717,1,0.0385,0.623,0,0.0858,0.841,176.368,4
spotify:track:3S9SunKgZYzR4WIgBBD7yH,"Sobredosis","Sobredosis de Amor y Salsa","Los Titanes;Óscar Quesada",2012-06-20,249878,66,false,julianchy,2026-02-22T22:18:49Z,"salsa","Discos Fuentes",0.528,0.857,7,-6.468,0,0.0396,0.47,0.00149,0.138,0.957,168.864,4
spotify:track:5iwgEFKEktjBBZV3C9TTZj,"Idilio","Hecho En Puerto Rico","Willie Colón",1993,309640,70,false,julianchy,2026-02-22T22:18:56Z,"salsa,merengue,son cubano","Sony Tropical",0.768,0.599,10,-12.624,0,0.0379,0.588,0.00246,0.0807,0.93,93.96,4
spotify:track:02c7d670y3o6IvkBPazlFu,"Juanito Alimaña","Greatest Hits","Héctor Lavoe;Willie Colón",2008-02-26,345600,54,false,julianchy,2026-02-22T22:19:02Z,"salsa,merengue,son cubano,bolero","Fania",0.73,0.726,7,-5.451,0,0.0342,0.531,0.00000107,0.0819,0.873,89.832,4
spotify:track:4eJXH4tss0nwgHlaPqMwSc,"Triste Y Vacía","Vigilante","Héctor Lavoe;Willie Colón",1982-01-01,371773,64,false,julianchy,2026-02-22T22:19:17Z,"salsa,merengue,son cubano,bolero","Fania",0.506,0.624,9,-4.997,0,0.0362,0.646,0,0.104,0.664,94.979,4
spotify:track:10Sj6LNHR3bD3CSgDXxyqc,"Detalles","El Verdadero León","Oscar D'León",1997-01-01,278871,61,false,julianchy,2026-02-22T22:19:30Z,"salsa,merengue","Musart-Balboa",0.724,0.77,4,-4.024,1,0.0533,0.184,0.000037,0.243,0.935,176.243,4
spotify:track:0XQzw53uo8V4GErre45Az1,"La Cita","Solo Salsa","Galy Galiano",1993-03-30,290742,72,false,julianchy,2026-02-22T22:19:37Z,"salsa,ranchera,popular colombian music","Sonolux",0.708,0.939,9,-5.449,1,0.0407,0.643,0.00132,0.339,0.946,86.219,4
spotify:track:5XWfwjzFNl2pTB737fx7qr,"El Gran Varón","Top Secrets","Willie Colón",1989-01-01,414706,74,false,julianchy,2026-02-22T22:19:38Z,"salsa,merengue,son cubano","Fania",0.645,0.665,7,-5.519,0,0.0384,0.581,0,0.0391,0.369,94.115,4
spotify:track:5D1P4P7IxymGprWdbaq8N4,"Maria Teresa y Danilo","Siempre Charanga","Hansel Y Raul",2002-03-19,287626,60,false,julianchy,2026-02-22T22:19:41Z,"salsa,merengue","Ariola",0.576,0.745,9,-4.75,0,0.0713,0.662,0.000135,0.0818,0.906,162.071,4
spotify:track:4lmOvO7Nc0Ppdz2hk8jpHj,"Y Hubo Alguien","Contra La Corriente","Marc Anthony",1997-01-01,388360,73,false,julianchy,2026-02-22T22:19:56Z,"salsa,merengue,bachata,latin,latin pop","National Own",0.474,0.879,4,-3.979,0,0.115,0.636,0,0.16,0.668,91.094,4
spotify:track:47TyfLrGhYHHyyQWk64d0M,"Flor Pálida","3.0","Marc Anthony",2013-07-23,280461,74,false,julianchy,2026-02-22T22:20:06Z,"salsa,merengue,bachata,latin,latin pop","Sony Music Latin",0.574,0.802,7,-3.976,1,0.0316,0.659,0.00000507,0.0765,0.739,93.537,4
spotify:track:69LmZ6MUvY1JPrgEaiD8uG,"Nuestro Sueño","Grandes De La Salsa Homenaje Al Grupo Niche","David Pabon",2002-01-17,333480,62,false,julianchy,2026-02-22T22:20:16Z,"salsa,merengue","Codiscos",0.619,0.967,5,-5.87,0,0.0395,0.613,0.131,0.086,0.873,178.188,4
spotify:track:4VTb5wB46sZDsfL8XgroGt,"Gitana","Tiempo pa' Matar","Willie Colón",1983-01-01,414266,71,false,julianchy,2026-02-22T22:20:24Z,"salsa,merengue,son cubano","Fania",0.479,0.593,11,-6.629,0,0.0502,0.635,0.00000261,0.216,0.805,86.092,4
spotify:track:3iPlRUr1BKFQVlVM6zxFWl,"El Amor de Mi Vida ""Se Fue""","Auténtico","Grupo Galé",2007-09-19,279080,64,false,julianchy,2026-02-22T22:20:32Z,"salsa","Codiscos",0.647,0.905,0,-5.408,1,0.0355,0.518,0,0.14,0.953,168.496,4
spotify:track:6VNtvgb2n1wJgHTWyPYAZY,"Mujer de Carne y Hueso","Bueno y Más","Guayacán Orquesta",2015-01-01,294661,57,false,julianchy,2026-02-22T22:20:36Z,"salsa,merengue","Guayacán",0.783,0.706,7,-5.227,1,0.0446,0.216,0,0.309,0.959,90.928,4
spotify:track:3bpqoOSDwdaK003DPMvDJQ,"Soledad","La-33","La-33",2004-12-04,285546,60,false,julianchy,2026-02-22T22:20:42Z,"salsa,cha cha cha,son cubano","La-33",0.823,0.753,8,-4.671,1,0.0514,0.75,0,0.0595,0.896,95.045,4
spotify:track:3kWdP01aQOtBun2FumlqTm,"Buenaventura y Caney","Querer Es Poder","Grupo Niche",1981-06-22,309963,57,false,julianchy,2026-02-22T22:20:48Z,"salsa,merengue","Codiscos",0.654,0.821,10,-6.433,1,0.048,0.565,0.00000378,0.0805,0.911,96.846,4
spotify:track:4fHYtAHpAmsFDq7kTLzgh5,"Y No Hago Mas Na'","La Universidad de La Salsa","El Gran Combo De Puerto Rico",1983,301373,61,false,julianchy,2026-02-22T22:20:51Z,"salsa,merengue,timba","Combo Records",0.812,0.679,2,-6.008,0,0.0559,0.68,0.00283,0.314,0.852,90.474,4
spotify:track:2KdNSa9hgTH75XIDOCvHkC,"Yo Quisiera","Papachango","Oscar D'León",2007-03-12,351805,49,false,julianchy,2026-02-22T22:21:01Z,"salsa,merengue","Musart-Balboa",0.535,0.756,7,-8.214,0,0.0359,0.381,0.00000239,0.13,0.894,107.789,4
spotify:track:7LW0MY3daXOPbu43Ukw1Bc,"La Muerte","20th Anniversary","El Gran Combo De Puerto Rico",1982,264560,45,false,julianchy,2026-02-22T22:21:06Z,"salsa,merengue,timba","Combo Records",0.734,0.626,7,-7.672,0,0.0357,0.488,0,0.109,0.875,95.328,4
spotify:track:2WLNCSzgMtdXyHcdPNK8UQ,"Te Propongo","Al Duro","Hector Rey",2006-01-01,277906,62,false,julianchy,2026-02-22T22:21:10Z,"salsa","Musical Productions",0.811,0.577,5,-9.357,0,0.0364,0.782,0.00531,0.223,0.865,94.034,4
spotify:track:0EBkntTPUGN0hjg7Nzo5f3,"Ay Amor, Cuando Hablan las Miradas","25 Años, 25 Éxitos, 25 Artistas, Vol. 1","Guayacán Orquesta",1992,259578,56,false,julianchy,2026-02-22T22:21:16Z,"salsa,merengue","Guayacán Orquesta",0.685,0.48,1,-9.504,1,0.0413,0.0505,0,0.0776,0.867,175.745,4
spotify:track:4RVoANNOAf68rE2nL5kG6w,"Que Locura Enamorarme De Ti","Grandes Exitos","Eddie Santiago",1992-07-09,305012,65,false,julianchy,2026-02-22T22:21:26Z,"salsa,merengue","Top Hits",0.757,0.871,1,-4.697,1,0.0482,0.736,0,0.0705,0.918,94.769,4
spotify:track:1xygRDEU3ZI63I3gISgAVn,"Lagrimas","Salsa Dura, Vol. 5","Los Bravos de Panama",2015-09-01,395933,50,false,julianchy,2026-02-22T22:21:32Z,"salsa","Salsa Dura Records",0.503,0.844,10,-5.257,1,0.0358,0.206,0.000012,0.13,0.874,102.073,4
spotify:track:5HCGrYR7g9u2X9Ju83yQLm,"Virgen","Ahora Más Que Nunca","Adolescent's Orquesta",2001-09-20,271751,78,false,julianchy,2026-02-22T22:21:38Z,"salsa,merengue","Korta Records",0.66,0.738,8,-4.816,1,0.0442,0.724,0.000466,0.115,0.755,90.886,4
spotify:track:2n1MTLCis6qPSDKdr5XSDI,"Oh Qué Será?","Greatest Hits","Willie Colón",2008-02-26,304200,80,false,julianchy,2026-02-22T22:21:44Z,"salsa,merengue,son cubano","Fania",0.445,0.791,9,-5.017,0,0.132,0.69,0.00000135,0.0718,0.459,87.058,4
spotify:track:1q2J8KWeewoqOrZI4a65P9,"Un verano en Nueva York","Numero 7","El Gran Combo De Puerto Rico",1975,298515,66,false,julianchy,2026-02-22T22:21:48Z,"salsa,merengue,timba","Combo Records",0.557,0.65,7,-8.897,1,0.0424,0.673,0.122,0.286,0.965,106.1,4
spotify:track:4rt2zpNhFBayp948Pi6liZ,"Con la Punta del Pie","Pare Cochero","La Gloria Matancera",2004-01-01,217773,57,false,julianchy,2026-02-22T22:21:55Z,"salsa,son cubano","Tumi Music Ltd",0.809,0.635,10,-6.39,1,0.0555,0.41,0.00094,0.0566,0.969,109.448,4
spotify:track:0igexfEkyeWZYNtBFoNRfS,"La-33","La-33","La-33",2004-12-04,338653,48,false,julianchy,2026-02-22T22:22:00Z,"salsa,cha cha cha,son cubano","La-33",0.77,0.838,2,-5.925,1,0.0501,0.588,0.000002,0.884,0.659,107.543,4
spotify:track:6258We1xSV3M2oLVMwhirP,"La Pantera Mambo","La-33","La-33",2004-12-04,374840,52,false,julianchy,2026-02-22T22:22:04Z,"salsa,cha cha cha,son cubano","La-33",0.782,0.791,0,-6.321,1,0.0383,0.474,0.0012,0.0555,0.819,99.992,4
spotify:track:0pX477ap2l86BbHfKTncpM,"Aguanile","El Juicio","Willie Colón;Héctor Lavoe",1972-01-01,369120,60,false,julianchy,2026-02-22T22:22:10Z,"salsa,merengue,son cubano,bolero","Fania",0.573,0.712,0,-6.375,0,0.0671,0.632,0.0000587,0.432,0.957,125.834,4
spotify:track:2jBe0JwHUxPi02bvSigPdg,"Lluvia con Nieve","Que Gente Averiguá","Mon Rivera",1961-01-01,177680,58,false,julianchy,2026-02-22T22:22:11Z,"salsa,son cubano,latin jazz","Fania",0.744,0.714,5,-6.338,1,0.0553,0.154,0.35,0.0709,0.554,101.867,4
spotify:track:1JXcB149QtbcIpDUA6YZOB,"Algo Que Se Quede","40","Grupo Niche",2020-05-29,220135,71,false,julianchy,2026-02-22T22:22:27Z,"salsa,merengue","Grupo Niche",0.751,0.722,2,-4.197,1,0.0506,0.457,0,0.178,0.788,140.043,4
spotify:track:3ZIE8flTJ6WWn8wF0YzaaQ,"Plástico","Siembra","Willie Colón;Rubén Blades",1978-01-01,401880,61,false,julianchy,2026-02-22T22:22:44Z,"salsa,merengue,son cubano,latin jazz","Fania",0.658,0.541,11,-7.73,0,0.0585,0.797,0.00000184,0.456,0.7,103.176,4
spotify:track:2BOcua9pjhKuVtgN40AAHX,"Decisiones","Buscando America","Rubén Blades",1987,303400,64,false,julianchy,2026-02-22T22:22:47Z,"salsa,latin jazz,merengue,son cubano","Elektra Records",0.661,0.61,8,-9.824,1,0.0707,0.777,0,0.0475,0.452,96.402,4
spotify:track:5OmWm4rnwYwHAxWePNqaoK,"Ah-Ah / O-No","El Juicio","Willie Colón;Héctor Lavoe",1972-01-01,227280,58,false,julianchy,2026-02-22T22:22:55Z,"salsa,merengue,son cubano,bolero","Fania",0.597,0.743,0,-5.308,1,0.0323,0.288,0,0.307,0.965,95.456,4
spotify:track:2w780pCHPCVOVo32GxSeXp,"Periódico de Ayer - Remastered 2024","De Ti Depende (Remastered 2024)","Héctor Lavoe",2025-09-26,405063,68,false,julianchy,2026-02-22T22:23:07Z,"salsa,merengue,son cubano,bolero","Craft Recordings",0.56,0.475,5,-8.918,0,0.0369,0.368,0.0000168,0.0921,0.698,101.056,4
spotify:track:3OFqP5RVQAgM8ZF65EMYQq,"Rebelión","Musa Original","Joe Arroyo;La Verdad",1986-08-14,375675,52,false,julianchy,2026-02-22T22:23:20Z,"salsa,merengue,tropical music","Discos Fuentes Edimúsica S.A.S.",0.614,0.672,10,-5.823,0,0.0659,0.0838,0.000149,0.223,0.771,106.051,4
spotify:track:4lHzRngQQA2f7dyj8vp6Lx,"Arrepentida","Persona Ideal","Adolescent's Orquesta",1996-09-20,247797,65,false,julianchy,2026-02-22T22:23:23Z,"salsa,merengue","KORTA RECORDS",0.746,0.734,8,-8.526,1,0.0508,0.373,0.00000169,0.209,0.929,110.97,4
spotify:track:3fRIuTih8bzc0vtY9fHhvF,"Talento De Televisión","Mis Favoritas","Willie Colón",2010-06-08,279320,78,false,julianchy,2026-02-22T22:23:34Z,"salsa,merengue,son cubano","Sony Music Latin",0.779,0.796,2,-6.675,1,0.0434,0.701,0.0000399,0.0636,0.938,104.947,4
spotify:track:4rHczyhBZ53pLWgn6edWfB,"Casi un Hechizo","Cuenta Conmigo","Jerry Rivera",1992-05-19,274733,61,false,julianchy,2026-02-22T22:23:37Z,"salsa,merengue","Sony Tropical",0.751,0.518,0,-9.705,1,0.0466,0.683,0.0000392,0.0465,0.87,93.122,4
spotify:track:2q9udNV9NK0BL3q9p6TLxf,"Procura","Pa' Otro La 'O","ChiChi Peralta;Jandy Feliz",1997-07-01,271031,77,false,julianchy,2026-02-22T22:23:43Z,"merengue,salsa","Caiman Music",0.805,0.757,8,-7.46,1,0.0355,0.279,0.000839,0.101,0.973,102.14,4
spotify:track:1oUjLEp7oCpjQlSCiwBZsF,"Amor y Control","Dos Clásicos","Rubén Blades",1991,348346,65,false,julianchy,2026-02-22T22:23:47Z,"salsa,latin jazz,merengue,son cubano","Sony Music Latin",0.75,0.602,7,-9.686,1,0.035,0.364,0.00736,0.136,0.845,89.066,4
spotify:track:07RVxiFKeWvBF8aKuPMaXk,"Lobo Domesticado","Rodven Clasico: Tommy Olivencia Y Su Orquesta ""30 Aniversario""","Tommy Olivencia",1987-01-01,290453,62,false,julianchy,2026-02-22T22:24:00Z,"salsa","Int'l Other",0.693,0.735,7,-4.692,1,0.0337,0.329,0.0000225,0.0413,0.779,96.838,4
spotify:track:7aKs8kWKKau0SDgaeyZMAX,"Pedro Navaja","Siembra","Willie Colón;Rubén Blades",1978-01-01,445080,71,false,julianchy,2026-02-22T22:24:07Z,"salsa,merengue,son cubano,latin jazz","Fania",0.595,0.574,2,-7.411,1,0.11,0.789,0.0000953,0.209,0.825,94.904,4
spotify:track:6RvQchPUrJSJesyeYD4Z74,"Rumores","Sensation '85","Orquesta La Palabra",1985-11-10,342887,61,false,julianchy,2026-02-22T22:24:31Z,"salsa,timba","Orquesta La Palabra",0.711,0.941,2,-2.376,0,0.0421,0.37,0.0000604,0.319,0.751,99.625,4
spotify:track:5DrdMZSiRKOVQszXln9VMO,"Te Compro Tu Novia","América Sin Queja","Ramón Orlando",1993-11-09,267706,66,false,julianchy,2026-02-22T22:24:39Z,"merengue,salsa","Karen Records Inc",0.727,0.707,8,-13.469,1,0.041,0.568,0.00011,0.147,0.966,149.089,4
spotify:track:3MSEhf5uEbvq9Oafxhsmu7,"Rompecintura","Y Es Fácil!","Los Hermanos Rosario",1997-04-22,250773,63,false,julianchy,2026-02-22T22:24:45Z,"merengue","Karen Publishing Company",0.743,0.944,7,-6.121,0,0.0516,0.497,0.0636,0.112,0.933,155.533,4
spotify:track:0O2j5GTz60A3K7dMZn4WQC,"Entrega","Sutil y Contundente","Grupo Niche",1989-05-10,342000,57,false,julianchy,2026-02-22T22:24:57Z,"salsa,merengue","Codiscos",0.631,0.583,5,-12.501,1,0.0356,0.459,0.000334,0.321,0.886,163.27,4
spotify:track:0xlIUnG2X2TAU9rW8XbeQP,"Verdades","Verdades","Hansel Camacho",1992-08-12,256678,57,false,julianchy,2026-02-22T22:25:04Z,"salsa","FM Entretenimiento",0.663,0.929,10,-7.055,1,0.0357,0.301,0.0246,0.296,0.963,163.059,4
spotify:track:3yICms0ll0nqbBqHa2sCOr,"Deseo","Regálame Una Noche","Maelo Ruiz",2005-08-24,233226,64,false,julianchy,2026-02-22T22:25:25Z,"salsa,merengue","Codiscos",0.701,0.842,7,-5.346,1,0.0443,0.216,0,0.0715,0.672,169.934,4
spotify:track:3QorC3YeHA1zuGHwGCmBja,"Olvídala","2.000","Binomio de Oro de América",1998-01-01,304390,72,false,julianchy,2026-02-22T22:25:39Z,"vallenato","Codiscos",0.533,0.734,2,-5.281,1,0.0369,0.148,0,0.221,0.61,132.216,4
spotify:track:5LPALPnDEbOb1ymzOQRgzi,"Periódico de Ayer","Exitos, Vol.1","Héctor Lavoe",2020-09-30,400966,25,false,julianchy,2026-02-22T22:25:41Z,"salsa","Jibarito Records",0.509,0.856,8,0.442,1,0.0374,0.183,0.00000104,0.189,0.556,100.85,4
spotify:track:6dQBpbW4zmZZwWuAB1Xiwc,"Casanova","Corazón Guerrero","Willie Colón",1983-01-01,203520,46,false,julianchy,2026-02-22T22:25:51Z,"salsa,merengue,son cubano","Fania",0.488,0.525,2,-10.844,0,0.0747,0.663,0.00000179,0.0763,0.83,156.891,4
spotify:track:2ZyrAym0sRLwt4PhGotHuI,"LA VILLA","HOPI SENDÉ","Ryan Castro;Kapo;Gangsta",2025-10-23,192111,86,true,julianchy,2026-02-22T22:26:34Z,"reggaeton,latin afrobeats","AWOO Corp./Sony Music Latin",0.741,0.908,2,-3.383,0,0.0666,0.0492,0.0000106,0.103,0.876,180.067,4
spotify:track:04YMLAsyIAe1sLb6RO5YcC,"J Balvin: Bzrp Music Sessions, Vol. 62/66","J Balvin: Bzrp Music Sessions, Vol. 62/66","Bizarrap;J Balvin",2025-12-26,190384,75,false,julianchy,2026-02-22T22:26:43Z,"argentine trap,trap latino,urbano latino,reggaeton,latin","DALE PLAY Records",0.774,0.79,2,-5.376,0,0.0321,0.312,0.000359,0.117,0.511,129.959,4
spotify:track:4zqFA9MOG86u7uugR8QFDU,"DÓNDE","POR SI ALGUIEN NOS ESCUCHA","Kapo;Ryan Castro",2025-07-03,193386,78,true,julianchy,2026-02-22T22:26:45Z,"latin afrobeats,reggaeton","Sony Music Latin/La Industria",0.885,0.623,9,-5.129,1,0.236,0.132,0,0.217,0.633,92.01,4
spotify:track:0lMafSfME2iJEE972bsQaK,"Ba Ba Bad Remix","How You Bad Suh","Kybba;Sean Paul;Ryan Castro;Busy Signal",2025-10-03,146938,75,false,julianchy,2026-02-22T22:27:00Z,"dancehall,shatta,moombahton,reggaeton,reggae,lovers rock,ragga,riddim,soca,roots reggae","Basshall",0.68,0.591,9,-6.088,1,0.468,0.0287,0,0.302,0.509,98.003,4
spotify:track:2Kx9AfJPaJib9DwAdDYdB9,"BOMBASTIK<3","SENDÉ","Ryan Castro;Blaiz Fayah;Tribal Kush",2025-05-29,168000,69,false,julianchy,2026-02-22T22:27:03Z,"reggaeton,shatta,dancehall,moombahton,ragga","AWOO Corp./Sony Music Latin",0.681,0.697,1,-3.998,1,0.124,0.0674,0.00000788,0.149,0.848,180.038,4
spotify:track:5OQCghydcEeA76eGdJ6GEa,"CHÉVERE (joesón_type_beat)","CHÉVERE (joesón_type_beat)","ARIA VEGA",2026-01-15,189223,75,false,julianchy,2026-02-22T22:27:12Z,"latin afrobeats,champeta","Plush Records",0.751,0.851,8,-4.243,1,0.25,0.00659,0.000447,0.262,0.61,180.064,4
spotify:track:1C7NXX8UJ6pgNx8EkmyZDd,"si te pillara","BORONDO","Beéle",2025-05-15,184547,82,false,julianchy,2026-02-22T22:27:17Z,"latin afrobeats,reggaeton","5020 Records",0.503,0.673,5,-5.594,1,0.0773,0.59,0,0.396,0.343,103.814,4
spotify:track:6iOndD4OFo7GkaDypWQIou,"La Plena - W Sound 05","La Plena (W Sound 05)","W Sound;Beéle;Ovy On The Drums",2025-02-19,150001,88,true,julianchy,2026-02-22T22:27:30Z,"latin afrobeats,reggaeton","WEA Latina",0.894,0.643,5,-3.485,1,0.132,0.543,0.000984,0.101,0.659,99.039,4
spotify:track:46ufabZP6oK3ixmN6Gd753,"SANKA","SENDÉ","Ryan Castro;Dongo",2025-05-29,155265,76,true,julianchy,2026-02-22T22:27:43Z,"reggaeton","AWOO Corp./Sony Music Latin",0.859,0.622,2,-4.894,1,0.0693,0.0962,0,0.319,0.333,94.039,4
spotify:track:2QP041AcWg8PwPIWP95RKN,"top diesel","BORONDO","Beéle",2025-05-15,189456,81,false,julianchy,2026-02-22T22:27:48Z,"latin afrobeats,reggaeton","5020 Records",0.825,0.73,5,-4.007,1,0.11,0.144,0.000884,0.0435,0.77,99.995,4
spotify:track:4w6Wpq1KWk485krowaqUIV,"Viajando Por El Mundo","Tropicoqueta","KAROL G;Manu Chao",2025-06-20,268075,77,false,julianchy,2026-02-22T22:27:57Z,"reggaeton,latin,urbano latino,latin alternative","Bichota/Interscope Records",0.603,0.82,11,-5.76,0,0.154,0.166,0,0.18,0.826,163.942,4
spotify:track:3ddJ8Vbc5tYPxq5zKRVke6,"Coleccionando Heridas","Tropicoqueta","KAROL G;Marco Antonio Solís",2025-06-20,204794,85,false,julianchy,2026-02-22T22:28:03Z,"reggaeton,latin,urbano latino,grupera,ranchera,mariachi,latin pop","Bichota/Interscope Records",0.937,0.615,9,-5.632,1,0.0372,0.368,0,0.0799,0.65,115.012,4
spotify:track:64zQbQTwu4ppBEfWyhst9t,"Papasito","Tropicoqueta","KAROL G",2025-06-20,167180,79,false,julianchy,2026-02-22T22:28:13Z,"reggaeton,latin,urbano latino","Bichota/Interscope Records",0.909,0.773,4,-2.6,0,0.0403,0.217,0,0.341,0.739,116.967,4
spotify:track:2KrQbq3aqGOFGnkTKnN2XA,"LATINA FOREVA","Tropicoqueta","KAROL G",2025-06-20,159522,82,true,julianchy,2026-02-22T22:28:25Z,"reggaeton,latin,urbano latino","Bichota/Interscope Records",0.814,0.739,1,-2.899,0,0.0495,0.0123,0,0.0678,0.573,97.933,4
spotify:track:6Sv0CzVqzydd7NYQgAG70c,"Ivonny Bonita","Tropicoqueta","KAROL G",2025-06-20,222458,82,false,julianchy,2026-02-22T22:28:45Z,"reggaeton,latin,urbano latino","Bichota/Interscope Records",0.874,0.428,1,-8.076,0,0.0668,0.831,0,0.0943,0.724,120.02,4
spotify:track:6Z6SZeBkGP0qmJdq4RvvUY,"Mi Fortuna","Mi Fortuna","Ryan Castro;SOG",2025-12-01,157731,63,false,julianchy,2026-02-22T22:29:05Z,"reggaeton","AWOO Corp./Sony Music Latin",0.75,0.811,6,-5.345,1,0.0514,0.295,0,0.059,0.973,97,4
spotify:track:0fea68AdmYNygeTGI4RC18,"LA CANCIÓN","OASIS","J Balvin;Bad Bunny",2019-06-28,242573,90,false,julianchy,2026-02-22T22:29:29Z,"reggaeton,latin,trap latino,urbano latino","Universal Music Latino / Rimas",0.756,0.646,7,-5.795,1,0.319,0.152,0.0000181,0.108,0.429,176.088,4
spotify:track:7KbF6AdprOXEEHlsq11Z6d,"11 PM","11:11","Maluma",2019-05-17,175733,80,false,julianchy,2026-02-22T22:29:39Z,"reggaeton,latin,urbano latino","Sony Music Latin",0.777,0.712,10,-4.84,1,0.277,0.217,0,0.091,0.68,95.692,4
spotify:track:2beS6dD5rovBxSA1zYoSHR,"No Me Conoce - Remix","Famouz","JHAYCO;J Balvin;Bad Bunny",2019-05-24,309120,85,false,julianchy,2026-02-22T22:29:46Z,"reggaeton,trap latino,urbano latino,latin","N&E Entertainment LLC",0.804,0.787,10,-3.824,0,0.0746,0.14,0,0.0927,0.562,91.974,4
spotify:track:69Ej1xrGjOcHvIMtMKxK0G,"Dile","The Last Don","Don Omar",2003-01-01,204600,85,false,julianchy,2026-02-22T22:29:58Z,"reggaeton,urbano latino","UMLE - Machete",0.822,0.713,9,-7.501,1,0.122,0.186,0.00013,0.0431,0.714,94.034,4
spotify:track:7bywjHOc0wSjGGbj04XbVi,"LUNA","FERXXOCALIPSIS","Feid;ATL Jacob",2023-12-01,196800,86,false,julianchy,2026-02-22T22:30:03Z,"reggaeton,urbano latino","UMLE - Latino",0.774,0.86,7,-2.888,0,0.13,0.131,0,0.116,0.446,100.019,4
spotify:track:6r46lnXFbE9fr2d3KNaGbe,"Imitadora","Golden","Romeo Santos",2017-07-21,234828,85,false,julianchy,2026-02-22T22:30:14Z,"bachata,latin","Sony Music Latin",0.737,0.709,8,-6.889,0,0.045,0.333,0,0.289,0.556,125.997,4
spotify:track:6I86RF3odBlcuZA9Vfjzeq,"Eres Mía","Fórmula, Vol. 2 (Deluxe Edition)","Romeo Santos",2014-02-25,250640,84,false,julianchy,2026-02-22T22:30:18Z,"bachata,latin","Sony Music Latin",0.843,0.729,6,-3.634,0,0.0374,0.401,0.0000012,0.206,0.903,123.046,4
spotify:track:5PycBIeabfvX3n9ILG7Vrv,"Propuesta Indecente","Fórmula, Vol. 2 (Deluxe Edition)","Romeo Santos",2014-02-25,235133,83,false,julianchy,2026-02-22T22:30:19Z,"bachata,latin","Sony Music Latin",0.757,0.632,2,-6.83,1,0.0549,0.499,0,0.0723,0.742,122.936,4
spotify:track:5u5MvmVtitax9R1Mxh3reC,"Dile Que Tu Me Quieres","Odisea","Ozuna",2017-08-25,226520,83,false,julianchy,2026-02-22T22:30:23Z,"reggaeton,trap latino,latin,urbano latino","VP Records Corp/Dimelo Vi",0.773,0.757,1,-4.959,1,0.0526,0.0864,0.00000373,0.0727,0.858,88.006,4
spotify:track:2Bhmj4XK33InfhqKPxcJ1v,"Dile al Amor","The Last","Aventura",2009-06-09,229360,83,false,julianchy,2026-02-22T22:30:27Z,"bachata","Premium Latin Music",0.825,0.605,11,-9.71,1,0.0376,0.0764,0,0.314,0.944,124.005,4
spotify:track:0atfY1ew83Ql9nNnJiD2t5,"Bonita","Bonita","J Balvin;Jowell & Randy",2017-06-02,265746,78,false,julianchy,2026-02-22T22:30:34Z,"reggaeton,latin,urbano latino","Rimas (J Balvin - Jowell & Randy)",0.775,0.867,5,-1.582,0,0.0414,0.0132,0.00684,0.278,0.869,96.038,4
spotify:track:6Ges5C2IE738iJh4HyQizQ,"Ay Vamos","La Familia B Sides","J Balvin",2014-09-12,226413,80,false,julianchy,2026-02-22T22:30:40Z,"reggaeton,latin","Universal Music Mexico",0.718,0.711,8,-5.746,0,0.11,0.157,0.0000552,0.1,0.92,173.916,4
spotify:track:5zSOVwaY3sVjnmLhuEfsuf,"Tú Foto","Odisea","Ozuna",2017-08-25,193226,75,false,julianchy,2026-02-22T22:30:40Z,"reggaeton,trap latino,latin,urbano latino","VP Records Corp/Dimelo Vi",0.748,0.565,7,-5.895,1,0.0476,0.164,0.00169,0.103,0.812,175.92,4
spotify:track:2C2TGgFzrTRIOdQS1vUN5h,"Ginza","Energía","J Balvin",2016-06-24,171093,77,false,julianchy,2026-02-22T22:30:45Z,"reggaeton,latin","UMLE - Latino",0.73,0.809,5,-6.406,0,0.0878,0.208,0.00134,0.0805,0.825,101.972,4
spotify:track:6DUdDIRgLqCGq1DwkNWQTN,"Borro Cassette","Pretty Boy, Dirty Boy","Maluma",2015-10-30,207296,86,false,julianchy,2026-02-22T22:30:46Z,"reggaeton,latin,urbano latino","Sony Music Latin",0.73,0.701,5,-5.885,0,0.106,0.132,0,0.151,0.785,175.95,4
spotify:track:1iEwyiSLAunPR6uouANE0O,"El Perdedor","Pretty Boy, Dirty Boy","Maluma",2015-10-30,207168,82,false,julianchy,2026-02-22T22:31:02Z,"reggaeton,latin,urbano latino","Sony Music Latin",0.702,0.73,0,-5.173,0,0.099,0.425,0.00000125,0.148,0.879,173.967,4
spotify:track:5Fim1gaXBgsiFfsQAfQSDS,"Hasta el Amanecer","Fénix","Nicky Jam",2017-01-20,198706,81,false,julianchy,2026-02-22T22:31:08Z,"reggaeton,latin","Sony Music Latin",0.831,0.609,6,-6.043,0,0.0384,0.282,0,0.0761,0.589,94.013,4
spotify:track:456xBIOmLRoLzCvCzZrWge,"Safari","Energía","J Balvin;Pharrell Williams;BIA;Sky Rompiendo",2016-06-24,205600,77,false,julianchy,2026-02-22T22:31:14Z,"reggaeton,latin","UMLE - Latino",0.689,0.675,0,-4.281,1,0.32,0.531,0.00000317,0.115,0.604,180.077,4
spotify:track:4MzXwWMhyBbmu6hOcLVD49,"DÁKITI","EL ÚLTIMO TOUR DEL MUNDO","Bad Bunny;JHAYCO",2020-11-27,205090,81,true,julianchy,2026-02-22T22:31:17Z,"reggaeton,trap latino,latin,urbano latino","Rimas Entertainment LLC",0.731,0.573,4,-10.059,0,0.0544,0.401,0.0000522,0.113,0.145,109.928,4
spotify:track:7BlBVFwvbWvcwNcUarQmjk,"Yo x Ti, Tu x Mi","Yo x Ti, Tu x Mi","ROSALÍA;Ozuna",2019-08-15,201040,77,false,julianchy,2026-02-22T22:31:21Z,"latin,reggaeton,trap latino,urbano latino","Columbia",0.78,0.759,1,-3.292,1,0.225,0.462,0.000868,0.143,0.579,91.952,4
spotify:track:2DEZmgHKAvm41k4J3R2E9Y,"Safaera","YHLQMDLG","Bad Bunny;Jowell & Randy;Ñengo Flow",2020-02-29,295176,84,true,julianchy,2026-02-22T22:31:25Z,"reggaeton,trap latino,latin,urbano latino","Rimas Entertainment LLC",0.607,0.829,2,-4.074,1,0.379,0.0103,0,0.107,0.685,96.172,4
spotify:track:3k3NWokhRRkEPhCzPmV8TW,"Ojitos Lindos","Un Verano Sin Ti","Bad Bunny;Bomba Estéreo",2022-05-06,258298,86,false,julianchy,2026-02-22T22:31:28Z,"reggaeton,trap latino,latin,urbano latino,latin alternative,electrocumbia","Rimas Entertainment LLC",0.647,0.686,3,-5.745,0,0.0413,0.08,0.00000134,0.528,0.268,79.928,4
spotify:track:5pXy29xzxR3aTB0SYRI590,"Blanco","Colores","J Balvin",2020-03-19,145680,61,false,julianchy,2026-02-22T22:31:32Z,"reggaeton,latin","UMLE - Latino",0.873,0.706,10,-5.371,1,0.175,0.029,0.00718,0.0871,0.65,99.985,4
spotify:track:0dKg2vGC1hFqcK5LGTaKzX,"Tusa","KG0516","KAROL G;Nicki Minaj",2021-03-26,201920,73,true,julianchy,2026-02-22T22:31:36Z,"reggaeton,latin,urbano latino","UMLE - Latino",0.799,0.701,2,-3.272,1,0.282,0.309,0.0000736,0.0514,0.607,100.946,4
spotify:track:6qoIFQfdmaQF9A1gb67tR7,"Ocean","OCEAN","KAROL G",2019-05-03,155946,71,false,julianchy,2026-02-22T22:31:40Z,"reggaeton,latin,urbano latino","UMLE - Latino",0.727,0.482,11,-6.193,1,0.115,0.933,0,0.388,0.487,74.93,4
spotify:track:1yoMvmasuxZfqHEipJhRbp,"Hawái","PAPI JUANCHO","Maluma",2020-08-21,199112,82,false,julianchy,2026-02-22T22:31:43Z,"reggaeton,latin,urbano latino","Sony Music Latin",0.783,0.727,6,-3.454,0,0.389,0.185,0.0000246,0.0626,0.558,180.067,4
spotify:track:1LIqNVhaIgxXUt2eVoIQJ3,"HP","11:11","Maluma",2019-05-17,184546,70,true,julianchy,2026-02-22T22:31:52Z,"reggaeton,latin,urbano latino","Sony Music Latin",0.837,0.791,4,-3.157,0,0.0773,0.252,0.00000114,0.188,0.618,91.98,4
spotify:track:6zEgnpM0qYmHLDnh8WPejL,"Amarillo","Colores","J Balvin",2020-03-19,157733,72,false,julianchy,2026-02-22T22:31:59Z,"reggaeton,latin","UMLE - Latino",0.641,0.857,1,-5.725,0,0.301,0.013,0.00534,0.0695,0.961,122.728,5
spotify:track:1syf62zw48zu4FrPwMtDHk,"Gris","Colores","J Balvin",2020-03-19,176626,60,false,julianchy,2026-02-22T22:32:07Z,"reggaeton,latin","UMLE - Latino",0.849,0.709,6,-4.717,0,0.0793,0.227,0,0.329,0.916,93.06,4
spotify:track:464uJVLmr0fDJGXOnciaDe,"Rosa","Colores","J Balvin",2020-03-19,189826,59,false,julianchy,2026-02-22T22:32:11Z,"reggaeton,latin","UMLE - Latino",0.653,0.561,9,-5.715,0,0.251,0.25,0.000112,0.435,0.37,175.979,4
spotify:track:7na7Bk98usp84FaOJFPv3d,"Tattoo","Tattoo","Rauw Alejandro",2020-02-13,202886,63,false,julianchy,2026-02-22T22:32:18Z,"reggaeton,urbano latino,trap latino,latin","(SME US Latin) Duars Entertainment, Corp. (2)",0.755,0.617,9,-5.144,1,0.182,0.0217,0,0.0625,0.745,193.896,4
spotify:track:3HTbI3yUJQw3fP0Po8qLcD,"Verde","Colores","J Balvin;Sky Rompiendo",2020-03-19,142546,59,false,julianchy,2026-02-22T22:32:25Z,"reggaeton,latin","UMLE - Latino",0.828,0.738,8,-4.295,0,0.0515,0.0381,0.492,0.0917,0.818,94.995,4
spotify:track:2hsA9YWuF3C9Gosi4dpjJN,"Negro","Colores","J Balvin",2020-03-19,182093,63,false,julianchy,2026-02-22T22:32:29Z,"reggaeton,latin","UMLE - Latino",0.796,0.911,0,-2.228,1,0.0874,0.0157,0.196,0.131,0.799,164.082,4
spotify:track:1IHWl5LamUGEuP4ozKQSXZ,"Tití Me Preguntó","Un Verano Sin Ti","Bad Bunny",2022-05-06,243716,93,true,julianchy,2026-02-22T22:32:37Z,"reggaeton,trap latino,latin,urbano latino","Rimas Entertainment LLC",0.65,0.715,5,-5.198,0,0.253,0.0993,0.000291,0.126,0.187,106.672,4
spotify:track:2JPLbjOn0wPCngEot2STUS,"Yonaguni","Yonaguni","Bad Bunny",2021-06-04,206710,82,true,julianchy,2026-02-22T22:32:46Z,"reggaeton,trap latino,latin,urbano latino","Rimas Entertainment LLC",0.644,0.648,1,-4.601,1,0.118,0.276,0,0.135,0.44,179.951,4
spotify:track:0SqqAgdovOE24BzxIClpjw,"Yo Perreo Sola","YHLQMDLG","Bad Bunny",2020-02-29,172127,83,true,julianchy,2026-02-22T22:32:50Z,"reggaeton,trap latino,latin,urbano latino","Rimas Entertainment LLC",0.86,0.758,11,-5.16,1,0.0695,0.021,0.0000654,0.344,0.453,97.014,4
spotify:track:380HmhwTE2NJgawn1NwkXi,"Rojo","Colores","J Balvin",2020-03-19,150720,73,false,julianchy,2026-02-22T22:33:10Z,"reggaeton,latin","UMLE - Latino",0.662,0.598,11,-4.042,1,0.169,0.193,0.0000802,0.0855,0.403,172.249,4
spotify:track:2J9B63FawlTaPdg4eH5X03,"Loco","Loco","Beéle",2019-08-08,204000,76,false,julianchy,2026-02-22T22:33:12Z,"latin afrobeats,reggaeton","Hear This Music",0.82,0.565,6,-5.965,1,0.17,0.158,0.0000245,0.0469,0.773,105.11,4
spotify:track:35KmOEIUqAGn02t7n4qaIr,"Morado","Colores","J Balvin",2020-03-19,200266,70,false,julianchy,2026-02-22T22:33:19Z,"reggaeton,latin","UMLE - Latino",0.885,0.68,11,-3.837,0,0.0849,0.131,0.0000179,0.0876,0.78,97.005,4
spotify:track:5099x34vBakWpGkHourFxP,"Qué Pena","Qué Pena","Maluma;J Balvin",2019-09-27,212826,62,false,julianchy,2026-02-22T22:33:25Z,"reggaeton,latin,urbano latino","Sony Music Latin",0.635,0.661,11,-6.425,0,0.364,0.102,0,0.336,0.858,126.15,5
spotify:track:3HqcNJdZ2seoGxhn0wVNDK,"PROVENZA","MAÑANA SERÁ BONITO","KAROL G",2023-02-24,207626,84,false,julianchy,2026-02-22T22:33:27Z,"reggaeton,latin,urbano latino","BICHOTA RECORDS / INTERSCOPE RECORDS / UNIVERSAL MUSIC LATINO",0.863,0.502,1,-7.912,1,0.0496,0.61,0.00765,0.11,0.567,111.029,4
spotify:track:28GCbKgjlVD9eDmasGbe0T,"Me Fui de Vacaciones","Un Verano Sin Ti","Bad Bunny",2022-05-06,180929,76,false,julianchy,2026-02-22T22:33:30Z,"reggaeton,trap latino,latin,urbano latino","Rimas Entertainment LLC",0.714,0.645,10,-5.493,1,0.0514,0.229,0.00083,0.0942,0.434,85.046,4
spotify:track:7FlQk2gJ6TBrHHiidvdR2O,"MAMIII","ESQUEMAS","Becky G;KAROL G",2022-05-13,226088,78,false,julianchy,2026-02-22T22:33:34Z,"reggaeton,latin,urbano latino","Kemosabe Records/RCA Records/Sony Music Latin",0.836,0.703,4,-3.554,0,0.0657,0.0845,0,0.138,0.902,94.048,4
spotify:track:1aUq8rjW1EwkAkMri4VfJy,"LOKERA","SATURNO","Rauw Alejandro;Lyanno;Brray",2023-01-24,197101,78,true,julianchy,2026-02-22T22:33:38Z,"reggaeton,urbano latino,trap latino,latin","Sony Music Latin/Duars Entertainment",0.836,0.826,11,-2.66,0,0.0461,0.213,0.00000603,0.0814,0.579,102.025,4
spotify:track:2CeKVsFFXG4QzA415QygGb,"Feliz Cumpleaños Ferxxo","FELIZ CUMPLEAÑOS FERXXO TE PIRATEAMOS EL ÁLBUM","Feid",2022-09-14,155960,77,false,julianchy,2026-02-22T22:33:41Z,"reggaeton,urbano latino","UMLE - Latino",0.865,0.573,5,-5.501,1,0.0678,0.0863,0,0.305,0.563,94.999,4
spotify:track:505v13epFXodT9fVAJ6h8k,"AMARGURA","MAÑANA SERÁ BONITO","KAROL G",2023-02-24,170480,84,true,julianchy,2026-02-22T22:33:43Z,"reggaeton,latin,urbano latino","BICHOTA RECORDS / INTERSCOPE RECORDS / UNIVERSAL MUSIC LATINO",0.912,0.7,6,-3.331,0,0.068,0.163,0,0.174,0.535,106.981,4
spotify:track:0GJwUAlBMJTbY4VE7iE761,"UNA NOCHE EN MEDELLÍN - REMIX","MAÑANA SERÁ BONITO (BICHOTA SEASON)","KAROL G;Cris MJ;Ryan Castro",2023-08-10,205144,79,true,julianchy,2026-02-22T22:33:46Z,"reggaeton,latin,urbano latino,reggaeton chileno,chilean trap,chilean mambo","Bichota/Interscope Records",0.846,0.755,10,-2.47,0,0.0738,0.0361,0,0.0448,0.883,96.002,4
spotify:track:0lREs0EdgrMQQKw00yx0Ct,"Una Noche en Medellín","Una Noche en Medellín","Cris MJ",2022-01-21,153750,82,true,julianchy,2026-02-22T22:34:00Z,"reggaeton chileno,chilean trap,chilean mambo,reggaeton","Sonar LLC.",0.87,0.548,10,-5.253,0,0.077,0.0924,0.000046,0.0534,0.832,96.018,4
spotify:track:2qG5sZ7Si6sdK74qLxedYM,"Con Altura","Con Altura","ROSALÍA;J Balvin;El Guincho",2019-03-28,161626,73,false,julianchy,2026-02-22T22:34:07Z,"latin,reggaeton","Columbia",0.882,0.689,6,-4.027,1,0.124,0.39,0.00325,0.0501,0.746,97.963,4
spotify:track:2D3z17LBMJ2HEHeBFFjTLi,"Reggaeton","Reggaeton","J Balvin",2018-11-17,158800,67,false,julianchy,2026-02-22T22:34:11Z,"reggaeton,latin","UMLE - Latino",0.747,0.74,4,-4.325,0,0.191,0.0165,0.0000994,0.101,0.552,176.059,4
spotify:track:5YJ4BVvTFmVCxUyhKejHfR,"Pa' Que Retozen","El Abayarde","Tego Calderón",2003-07-01,151666,81,true,julianchy,2026-02-22T22:34:15Z,"reggaeton,latin hip hop","Jiggiri Records, Inc.",0.815,0.856,1,-3.825,0,0.122,0.4,0.0000834,0.244,0.872,91.995,4
spotify:track:47D1TIULCsrnqi4qs98Eur,"Tu Príncipe","Barrio Fino (Bonus Track Version)","Daddy Yankee;Zion & Lennox",2004-07-13,205520,78,false,julianchy,2026-02-22T22:34:20Z,"reggaeton,latin","Craft Latino",0.77,0.804,4,-5.479,1,0.0623,0.16,0.00001,0.193,0.568,94.017,4
spotify:track:5FThh5HSLORWCw9edEIdW5,"Ven Bailalo (Reggaeton Mix)","Ven Bailalo (Reggaeton Mix)","Angel Y Khriz",2023-04-01,251733,63,false,julianchy,2026-02-22T22:34:26Z,"reggaeton","Los MVP's",0.649,0.946,1,-4.43,0,0.0387,0.121,0.00424,0.203,0.724,97.008,4
spotify:track:0xJFWROBNTBL4sKEuA5pm6,"Guatauba","Guatauba XXX","Plan B",2002-05-10,162400,76,true,julianchy,2026-02-22T22:34:30Z,"reggaeton","Rimas Classics LLC.",0.804,0.745,4,-5.963,0,0.229,0.00849,0.000942,0.0378,0.635,183.985,4
spotify:track:3J6vrRMz6EfwH2sgYiyNhc,"Oye Mi Canto","N.O.R.E. Y La Familia","N.O.R.E.;Daddy Yankee;Nina Sky;Gemstar;Big Mato",2006-07-18,240973,72,true,julianchy,2026-02-22T22:34:35Z,"reggaeton,latin","Roc La Familia",0.677,0.946,6,-2.887,1,0.0548,0.184,0.00000373,0.274,0.948,96.011,4
spotify:track:4nt5qwSYkN4d3v57v4bB72,"Criminal","Criminal","NATTI NATASHA;Ozuna",2017-09-01,232549,74,true,julianchy,2026-02-22T22:34:39Z,"reggaeton,latin,urbano latino,bachata,trap latino","Pina Records",0.834,0.806,2,-2.88,0,0.0595,0.0387,0.0000384,0.241,0.791,79.996,4
spotify:track:40a82F3K2UTbeoLlXXXZBd,"Lo Que Pasó, Pasó","Barrio Fino (Bonus Track Version)","Daddy Yankee",2004-07-13,210933,80,false,julianchy,2026-02-22T22:34:41Z,"reggaeton,latin","Craft Latino",0.819,0.741,8,-6.538,0,0.0412,0.104,0,0.283,0.84,97.014,4
spotify:track:4Xtlw8oXkIOvzV7crUBKeZ,"Rompe","Barrio Fino En Directo","Daddy Yankee",2005-01-01,188626,80,true,julianchy,2026-02-22T22:34:44Z,"reggaeton,latin","Interscope/El Cartel",0.696,0.858,9,-5.155,1,0.0859,0.0727,0.00000319,0.0631,0.533,176.061,4
spotify:track:79zvVrn65ksbiGQxrtV4I5,"Guaya Guaya","The Last Don II","Don Omar",2015-06-16,193613,80,false,julianchy,2026-02-22T22:34:58Z,"reggaeton,urbano latino","UMLE - Machete",0.788,0.873,7,-2.322,1,0.117,0.00607,0.00052,0.0908,0.703,91.981,4
spotify:track:1PZrHbJjt5t7dP9OGRxcD0,"Dale Don Dale","The Last Don","Don Omar",2003-01-01,212413,79,false,julianchy,2026-02-22T22:35:05Z,"reggaeton,urbano latino","UMLE - Machete",0.831,0.818,2,-7.827,1,0.0824,0.0245,0.000319,0.0892,0.819,95.022,4
spotify:track:7uUYUy2qLfev9ppNvFBHpX,"Pasarela","Prestige","Daddy Yankee",2012-01-01,193626,72,false,julianchy,2026-02-22T22:35:08Z,"reggaeton,latin","Craft Latino",0.842,0.893,9,-4.277,1,0.0462,0.105,0,0.289,0.713,121.035,4
spotify:track:2pr7niU3YfbVMQZxzsXubr,"Bandoleros","Los Bandoleros","Don Omar;Tego Calderón",2024-06-14,305666,73,false,julianchy,2026-02-22T22:35:11Z,"reggaeton,urbano latino,latin hip hop","All Star Records, Inc",0.55,0.878,5,-4.267,0,0.356,0.432,0,0.293,0.738,86.121,4
spotify:track:4cyYC67XY3weSVmSLdKLP8,"Taboo","Meet The Orphans","Don Omar",2010-01-01,292160,78,false,julianchy,2026-02-22T22:35:18Z,"reggaeton,urbano latino","UMLE - Machete",0.43,0.886,0,-5.811,1,0.0827,0.0449,0,0.0879,0.808,187.361,3
spotify:track:1RouRzlg8OKFeqc6LvdxmB,"Felices los 4","F.A.M.E.","Maluma",2018-05-18,229848,80,false,julianchy,2026-02-22T22:35:19Z,"reggaeton,latin,urbano latino","Sony Music Latin",0.766,0.756,5,-5.861,1,0.132,0.213,0,0.349,0.716,94.027,4
spotify:track:3umS4y3uQDkqekNjVpiRUs,"El Amante","Fénix","Nicky Jam",2017-01-20,219506,79,false,julianchy,2026-02-22T22:35:24Z,"reggaeton,latin","Sony Music Latin",0.683,0.691,8,-5.533,1,0.0432,0.241,0,0.14,0.732,179.909,4
spotify:track:2oJH69cuNyWpCmZyTmvrEN,"Dutty Love","Don Omar Presents MTO2: New Generation","Don Omar;NATTI NATASHA",2012-01-01,285333,77,false,julianchy,2026-02-22T22:35:26Z,"reggaeton,urbano latino,latin,bachata","UMLE - Machete",0.736,0.881,1,-3.339,1,0.0887,0.238,0.0000121,0.11,0.916,89.998,4
spotify:track:2AY1UAimvTqjJC8vDJsOyy,"Mayores","MALA SANTA","Becky G;Bad Bunny",2019-10-18,203183,80,false,julianchy,2026-02-22T22:35:37Z,"reggaeton,latin,trap latino,urbano latino","Kemosabe Records/RCA Records/Sony Music Latin",0.746,0.836,5,-4.336,0,0.0445,0.145,0.00291,0.116,0.874,96.993,4
spotify:track:62vDrkBEyJYEOFj1ScBqM7,"Sin Pijama","MALA SANTA","Becky G;NATTI NATASHA",2019-10-18,190151,73,false,julianchy,2026-02-22T22:35:41Z,"reggaeton,latin,urbano latino,bachata","Kemosabe Records/RCA Records/Sony Music Latin",0.788,0.745,11,-4.417,0,0.0447,0.352,0.00004,0.0973,0.79,94.002,4
spotify:track:4U0JLGFHJpEnDS5w8F7ngE,"Calma - Remix","MUNAY","Pedro Capó;Farruko",2020-09-18,237626,68,false,julianchy,2026-02-22T22:35:47Z,"latin pop,latin,reggaeton,trap latino","Sony Music Latin",0.826,0.764,11,-4.341,0,0.0522,0.337,0,0.161,0.761,126.9,4
spotify:track:0KoiMHhqKLoL4xM54rcWYY,"Taki Taki (feat. Selena Gomez, Ozuna & Cardi B)","Carte Blanche","DJ Snake;Selena Gomez;Ozuna;Cardi B",2019-07-25,212500,77,true,julianchy,2026-02-22T22:35:52Z,"reggaeton,trap latino,latin,urbano latino","DJ Snake Music Productions Limited",0.843,0.802,1,-4.167,0,0.228,0.158,0.000005,0.0642,0.618,95.881,4
spotify:track:7COfe3P7KgfwDwIRB8LIDw,"Mi Gente","Vibras","J Balvin;Willy William",2018-05-25,185040,80,false,julianchy,2026-02-22T22:35:56Z,"reggaeton,latin","UMLE - Latino",0.548,0.703,11,-4.838,0,0.0772,0.0168,0.0000238,0.143,0.286,104.666,4
spotify:track:5TFD2bmFKGhoCRbX61nXY5,"NUEVAYoL","DeBÍ TiRAR MáS FOToS","Bad Bunny",2025-01-05,183685,95,false,julianchy,2026-02-22T22:36:03Z,"reggaeton,trap latino,latin,urbano latino","Rimas Entertainment LLC.",0.142,0.195,6,-20.024,1,0.139,0.265,0.995,0.204,0.12,137.922,4
spotify:track:5YoITs1m0q8UOQ4AW7N5ga,"Gasolina","Barrio Fino (Bonus Track Version)","Daddy Yankee",2004-07-13,192600,87,false,julianchy,2026-02-22T22:36:10Z,"reggaeton,latin","Craft Latino",0.852,0.797,0,-6.543,1,0.0614,0.322,0.00000269,0.0845,0.741,96.008,4
spotify:track:2a1o6ZejUi8U3wzzOtCOYw,"Danza Kuduro","Meet The Orphans","Don Omar;Lucenzo",2010-01-01,198773,86,false,julianchy,2026-02-22T22:36:14Z,"reggaeton,urbano latino,kuduro","UMLE - Machete",0.4,0.915,0,-4.89,1,0.279,0.083,0,0.0503,0.871,89.006,3
spotify:track:3d0WouFnFmr0K3kjeza3fF,"Hips Don't Lie (feat. Wyclef Jean)","Oral Fixation, Vol. 2 (Expanded Edition)","Shakira;Wyclef Jean",2005-11-28,220360,89,false,julianchy,2026-02-22T22:36:21Z,"latin pop","Epic",0.778,0.824,10,-5.892,0,0.0707,0.284,0,0.358,0.758,100.024,4
spotify:track:4kLLWz7srcuLKA7Et40PQR,"I Gotta Feeling","THE E.N.D. (THE ENERGY NEVER DIES) [Deluxe Version]","Black Eyed Peas",2009-01-01,289133,85,false,julianchy,2026-02-22T22:36:27Z,"","Interscope",0.744,0.766,0,-6.375,1,0.0265,0.0873,0,0.509,0.61,127.966,4
spotify:track:2igwFfvr1OAGX9SKDCPBwO,"Empire State Of Mind","The Blueprint 3","JAŸ-Z;Alicia Keys",2009-09-08,276920,87,true,julianchy,2026-02-22T22:36:28Z,"hip hop,east coast hip hop,rap,r&b,neo soul","Roc Nation / Jay-Z",0.491,0.956,11,-1.538,1,0.392,0.0295,0,0.46,0.811,173.585,4
spotify:track:5TRPicyLGbAF2LGBFbHGvO,"Flashing Lights","Graduation","Kanye West;Dwele",2007-09-11,237506,89,true,julianchy,2026-02-22T22:36:38Z,"rap,neo soul","Roc-A-Fella",0.639,0.628,6,-7.578,0,0.0398,0.0381,0,0.386,0.43,90.482,4
spotify:track:5mCPDVBb16L4XQwDdbRUpz,"Passionfruit","More Life","Drake",2017-03-18,298940,89,true,julianchy,2026-02-22T22:36:43Z,"rap","Cash Money Records/Young Money Ent./Universal Rec.",0.809,0.463,11,-11.377,1,0.0396,0.256,0.085,0.109,0.364,111.98,4
spotify:track:1zi7xx7UVEFkmKfv06H8x0,"One Dance","Views","Drake;Wizkid;Kyla",2016-05-06,173986,92,false,julianchy,2026-02-22T22:36:49Z,"rap,afrobeats,afrobeat,afropop,azonto,afroswing,afro r&b,afropiano,jersey club","Cash Money Records/Young Money Ent./Universal Rec.",0.792,0.625,1,-5.609,1,0.0536,0.00776,0.0018,0.329,0.37,103.967,4
spotify:track:3B54sVLJ402zGa6Xm4YGNe,"Unforgettable","Jungle Rules","French Montana;Swae Lee",2017-07-14,233901,89,true,julianchy,2026-02-22T22:36:54Z,"","Bad Boy Entertainment/Epic Records",0.726,0.769,6,-5.043,1,0.123,0.0293,0.0101,0.104,0.733,97.985,4
spotify:track:72TFWvU3wUYdUuxejTTIzt,"Work","ANTI (Deluxe)","Rihanna;Drake",2016-01-28,219320,82,true,julianchy,2026-02-22T22:36:57Z,"rap","Roc Nation / Rihanna",0.723,0.534,11,-6.238,1,0.0891,0.0747,0,0.0919,0.551,91.974,4
spotify:track:09mEdoA6zrmBPgTEN5qXmN,"Call Out My Name","My Dear Melancholy,","The Weeknd",2018-03-30,228373,85,false,julianchy,2026-02-22T22:37:04Z,"","The Weeknd/Lyric",0.461,0.593,1,-4.954,1,0.0356,0.165,0,0.307,0.174,134.165,3
spotify:track:2LBqCSwhJGcFQeTHMVGwy3,"Die For You","Starboy","The Weeknd",2016-11-24,260253,86,false,julianchy,2026-02-22T22:37:11Z,"","The Weeknd/Lyric",0.586,0.525,1,-7.163,0,0.0615,0.111,0,0.134,0.508,133.629,4
spotify:track:70FCugJxa7XW04Np6iYJdI,"21 Questions","Get Rich Or Die Tryin'","50 Cent;Nate Dogg",2003-02-06,224440,80,true,julianchy,2026-02-22T22:37:22Z,"old school hip hop,east coast hip hop,g-funk,west coast hip hop","Shady Records",0.646,0.813,6,-3.846,0,0.299,0.349,0.0000937,0.0427,0.895,92.729,4
spotify:track:7fBv7CLKzipRk6EC6TWHOB,"The Hills","Beauty Behind The Madness","The Weeknd",2015-08-28,242253,88,true,julianchy,2026-02-22T22:37:25Z,"","The Weeknd/Lyric",0.585,0.564,0,-7.063,0,0.0515,0.0671,0,0.135,0.137,113.003,4
spotify:track:7MXVkk9YMctZqd1Srtv4MB,"Starboy","Starboy","The Weeknd;Daft Punk",2016-11-25,230453,92,true,julianchy,2026-02-22T22:37:28Z,"french house,electronic,electro","The Weeknd/Lyric",0.679,0.587,7,-7.015,1,0.276,0.141,0.00000635,0.137,0.486,186.003,4
spotify:track:5GXAXm5YOmYT0kL5jHvYBt,"I Feel It Coming","Starboy","The Weeknd;Daft Punk",2016-11-24,269186,81,false,julianchy,2026-02-22T22:37:31Z,"french house,electronic,electro","The Weeknd/Lyric",0.773,0.819,0,-5.946,0,0.118,0.426,0,0.0679,0.585,92.99,4
spotify:track:6b8Be6ljOzmkOmFslEb23P,"24K Magic","24K Magic","Bruno Mars",2016-11-18,225983,86,false,julianchy,2026-02-22T22:37:37Z,"","Atlantic Records",0.818,0.803,1,-4.282,1,0.0797,0.034,0,0.153,0.632,106.97,4
spotify:track:0KKkJNfGyhkQ5aFogxQAPU,"That's What I Like","24K Magic","Bruno Mars",2016-11-18,206693,92,false,julianchy,2026-02-22T22:37:42Z,"","Atlantic Records",0.853,0.56,1,-4.961,1,0.0406,0.013,0,0.0944,0.86,134.066,4
spotify:track:5QO79kh1waicV47BqGRL3g,"Save Your Tears","After Hours","The Weeknd",2020-03-20,215626,87,true,julianchy,2026-02-22T22:37:52Z,"","Republic Records",0.679,0.825,0,-5.487,1,0.0309,0.0212,0.0000121,0.543,0.644,118.049,4
spotify:track:5o126gjHW5VqsPQb7Rf2IM,"Instant Crush (feat. Julian Casablancas)","Random Access Memories","Daft Punk;Julian Casablancas",2013,337547,73,false,julianchy,2026-02-22T22:37:59Z,"french house,electronic,electro","Columbia",0.776,0.588,10,-9.485,0,0.0271,0.0511,0.618,0.077,0.514,109.946,4
spotify:track:7szuecWAPwGoV1e5vGu8tl,"In Your Eyes","After Hours","The Weeknd",2020-03-20,237520,78,true,julianchy,2026-02-22T22:38:03Z,"","Republic Records",0.667,0.719,7,-5.371,0,0.0346,0.0028,0.0000792,0.0736,0.718,100.019,4
spotify:track:3Dv1eDb0MEgF93GpLXlucZ,"Say So","Hot Pink","Doja Cat",2019-11-07,237894,80,true,julianchy,2026-02-22T22:38:15Z,"","Kemosabe Records/RCA Records",0.787,0.673,11,-4.583,0,0.159,0.264,0.00000335,0.0904,0.779,110.962,4
spotify:track:017PF4Q3l4DBUiWoXk4OWT,"Break My Heart","Future Nostalgia","Dua Lipa",2020-03-27,221820,81,false,julianchy,2026-02-22T22:38:20Z,"pop","Warner Records",0.73,0.729,4,-3.434,0,0.0884,0.167,0.00000139,0.349,0.467,113.011,4
spotify:track:3PfIrDoz19wz7qK7tYeu62,"Don't Start Now","Future Nostalgia","Dua Lipa",2020-03-27,183290,83,false,julianchy,2026-02-22T22:38:24Z,"pop","Warner Records",0.793,0.793,11,-4.521,0,0.083,0.0123,0,0.0951,0.679,123.95,4
spotify:track:0VjIjW4GlUZAMYd2vXMi3b,"Blinding Lights","After Hours","The Weeknd",2020-03-20,200040,90,false,julianchy,2026-02-22T22:38:28Z,"","Republic Records",0.513,0.73,1,-5.94,1,0.0598,0.00143,0.0000954,0.0897,0.334,171.001,4
spotify:track:5r5cp9IpziiIsR6b93vcnQ,"Walking On A Dream","Walking On A Dream (10th Anniversary Edition)","Empire Of The Sun",2008-10-03,198440,88,false,julianchy,2026-02-22T22:38:40Z,"","EMI Recorded Music Australia Pty Ltd",0.871,0.701,5,-5.594,0,0.0458,0.257,0.00000752,0.0589,0.716,126.975,4
spotify:track:3zEN0ii6s4DHHBpnTp3RP7,"We Are The People","Walking On A Dream (10th Anniversary Edition)","Empire Of The Sun",2008-10-03,267373,90,false,julianchy,2026-02-22T22:38:43Z,"","EMI Recorded Music Australia Pty Ltd",0.675,0.781,4,-5.404,0,0.0306,0.0801,0.0143,0.422,0.534,122.989,4
spotify:track:49X0LAl6faAusYq02PRAY6,"Lady - Hear Me Tonight","Modjo (Remastered)","Modjo",2001,307153,85,false,julianchy,2026-02-22T22:38:47Z,"french house,disco house","Modjo Music",0.72,0.808,6,-5.627,1,0.0379,0.00793,0.0293,0.0634,0.869,126.041,4
spotify:track:6b37xrsNCWYIUphFBazqD6,"Me Gustas Tu","Próxima Estación: Esperanza","Manu Chao",2001-06-01,239986,83,false,julianchy,2026-02-22T22:38:50Z,"latin alternative","Radio Bemba",0.657,0.741,11,-6.822,0,0.0825,0.663,0.494,0.222,0.908,175.949,4
spotify:track:6etwirSInfuJrSOlogS6Sh,"American Boy","Shine","Estelle;Kanye West",2008-03-28,284733,85,true,julianchy,2026-02-22T22:38:53Z,"rap","Round Hill Records",0.693,0.729,0,-2.99,1,0.378,0.171,0,0.07,0.521,117.848,4
spotify:track:73scB4Q4fcOmnsBVZPmk32,"Si Antes Te Hubiera Conocido","Tropicoqueta","KAROL G",2025-06-20,195824,87,false,julianchy,2026-02-22T22:38:55Z,"reggaeton,latin,urbano latino","Bichota/Interscope Records",0.916,0.625,11,-8.379,1,0.0481,0.449,0.000226,0.0749,0.761,128.033,4
spotify:track:2gam98EZKrF9XuOkU13ApN,"Promiscuous","Loose","Nelly Furtado;Timbaland",2006-01-01,242293,89,false,julianchy,2026-02-22T22:38:58Z,"","Mosley / Geffen",0.808,0.97,10,-6.098,0,0.0504,0.0573,0.0000617,0.154,0.868,114.328,4
spotify:track:7iQXYTyuG13aoeHxGG28Nh,"PERRO NEGRO","nadie sabe lo que va a pasar mañana","Bad Bunny;Feid",2023-10-13,162767,83,true,julianchy,2026-02-22T22:39:03Z,"reggaeton,trap latino,latin,urbano latino","Rimas Entertainment LLC",0.911,0.778,5,-2.248,1,0.262,0.0887,0.0000216,0.179,0.345,96.057,4
spotify:track:0I3q5fE6wg7LIfHGngUTnV,"Ms. Jackson","Stankonia","Outkast",2000-10-31,270506,85,true,julianchy,2026-02-22T22:39:09Z,"southern hip hop,hip hop","Arista/LaFace Records",0.843,0.806,4,-5.946,0,0.269,0.143,0,0.0771,0.613,94.948,4
spotify:track:2qOm7ukLyHUXWyR4ZWLwxA,"It Was A Good Day","The Predator","Ice Cube",1992-11-17,260000,81,true,julianchy,2026-02-22T22:39:11Z,"old school hip hop,gangster rap,west coast hip hop,g-funk,hip hop","Priority Records",0.798,0.744,7,-5.328,0,0.136,0.33,0.000106,0.292,0.794,82.356,4
spotify:track:3G0yz3DZn3lfraledmBCT0,"P.I.M.P.","Get Rich Or Die Tryin'","50 Cent",2003-02-06,249480,81,true,julianchy,2026-02-22T22:39:14Z,"old school hip hop,east coast hip hop","Shady Records",0.712,0.772,10,-3.024,0,0.346,0.0521,0.00000435,0.0368,0.848,84.722,4
spotify:track:5Tbpp3OLLClPJF8t1DmrFD,"Nuthin' But A ""G"" Thang","The Chronic","Dr. Dre;Snoop Dogg",1992-12-15,237573,79,true,julianchy,2026-02-22T22:39:15Z,"old school hip hop,g-funk,gangster rap,west coast hip hop,hip hop,rap","ARY, Inc. under exclusive license to Interscope Records",0.669,0.821,11,-4.37,0,0.29,0.00182,0,0.147,0.684,94.895,4
spotify:track:7KwZNVEaqikRSBSpyhXK2j,"Hypnotize - 2014 Remaster","Life After Death (2014 Remastered Edition)","The Notorious B.I.G.",1997-03-04,229826,84,true,julianchy,2026-02-22T22:39:16Z,"old school hip hop,gangster rap,east coast hip hop,hip hop","Rhino Atlantic",0.901,0.697,9,-3.439,1,0.28,0.145,0,0.287,0.67,93.941,4
spotify:track:2WTvFsgi4XoZEGE8hMTty5,"I Know What You Want (feat. Flipmode Squad)","It Ain't Safe No More. . .","Busta Rhymes;Mariah Carey;Flipmode Squad",2002-01-01,324306,65,true,julianchy,2026-02-22T22:39:20Z,"east coast hip hop,christmas","J Records",0.648,0.759,6,-4.315,1,0.306,0.0142,0,0.648,0.518,85.996,4
spotify:track:2wGSgTmgSF3xjRrHkTc25R,"Hate It Or Love It","The Documentary","The Game;50 Cent",2005,206400,84,true,julianchy,2026-02-22T22:39:24Z,"west coast hip hop,old school hip hop,gangster rap,hip hop,east coast hip hop","Geffen",0.802,0.785,9,-4.781,1,0.207,0.14,0,0.123,0.435,99.998,4
spotify:track:0ARK753YaiJbpLUk7z5yIM,"Dilemma","Nellyville","Nelly;Kelly Rowland",2002-06-25,289160,83,true,julianchy,2026-02-22T22:39:25Z,"","Motown",0.727,0.552,2,-8.074,0,0.14,0.226,0.00016,0.198,0.607,168.19,4
spotify:track:4YA5g2UpNLmdql8fdrhlwY,"Let Me Blow Ya Mind","Scorpion","Eve;Gwen Stefani",2001-02-25,230106,75,true,julianchy,2026-02-22T22:39:26Z,"","Ruff Ryders RECORDS",0.905,0.544,8,-4.354,0,0.117,0.258,0,0.0618,0.882,90.026,4
spotify:track:2mKouqwAIdQnMP43zxR89r,"What's Luv? (feat. Ja-Rule & Ashanti)","Jealous Ones Still Envy (J.O.S.E)","Fat Joe;Ja Rule;Ashanti",2001-12-04,267093,78,true,julianchy,2026-02-22T22:39:27Z,"east coast hip hop,r&b","RT Industries",0.835,0.707,8,-5.074,1,0.0598,0.0219,0.0000219,0.108,0.919,93.955,4
spotify:track:7FrJV8tydWEv1Mxu2mIQrm,"Beautiful","Paid Tha Cost To Be Da Bo$$","Snoop Dogg;Pharrell Williams;Charlie Wilson",2002-01-01,298306,75,true,julianchy,2026-02-22T22:39:31Z,"g-funk,west coast hip hop,gangster rap,old school hip hop,hip hop,rap,sexy drill","Parlophone",0.907,0.695,11,-6.268,0,0.135,0.246,0,0.0808,0.961,101.007,4
spotify:track:4VQNCzfZ3MdHEwwErNXpBo,"All Eyez On Me (ft. Big Syke)","All Eyez On Me","2Pac;Big Syke",1996-02-13,307773,81,true,julianchy,2026-02-22T22:39:35Z,"old school hip hop,gangster rap,west coast hip hop,g-funk,hip hop","Amaru Entertainment, Inc./Interscope Records",0.872,0.723,1,-5.968,1,0.247,0.0293,0,0.327,0.843,93.279,4
spotify:track:6LwrEZNkvFTOypNwSLjuaJ,"2 Of Amerikaz Most Wanted (ft. Snoop Doggy Dogg)","All Eyez On Me","2Pac;Snoop Dogg",1996-02-13,246533,75,true,julianchy,2026-02-22T22:39:40Z,"old school hip hop,gangster rap,west coast hip hop,g-funk,hip hop,rap","Amaru Entertainment, Inc./Interscope Records",0.849,0.904,8,-4.78,1,0.138,0.0248,0.0000511,0.0545,0.854,99.258,4
spotify:track:503OTo2dSqe7qk76rgsbep,"Still D.R.E.","2001","Dr. Dre;Snoop Dogg",1999-11-16,270586,85,true,julianchy,2026-02-22T22:39:42Z,"old school hip hop,g-funk,gangster rap,west coast hip hop,hip hop,rap","Aftermath",0.816,0.775,11,-3.323,1,0.234,0.16,0.00031,0.0543,0.527,93.431,4
spotify:track:4LwU4Vp6od3Sb08CsP99GC,"The Next Episode","2001","Dr. Dre;Snoop Dogg",1999-11-16,161506,82,true,julianchy,2026-02-22T22:39:46Z,"old school hip hop,g-funk,gangster rap,west coast hip hop,hip hop,rap","Aftermath",0.922,0.909,10,-2.429,0,0.27,0.0281,0,0.0856,0.309,95.295,4
spotify:track:2NBQmPrOEEjA8VbeWOQGxO,"Drop It Like It's Hot","R&G (Rhythm & Gangsta): The Masterpiece","Snoop Dogg;Pharrell Williams",2004-01-01,266066,79,true,julianchy,2026-02-22T22:39:49Z,"g-funk,west coast hip hop,gangster rap,old school hip hop,hip hop,rap","Geffen",0.888,0.632,1,-3.872,1,0.219,0.19,0,0.101,0.662,91.979,4
spotify:track:69bHJ9qs5FrUJbKP8xU8uZ,"Disco Inferno","The Massacre","50 Cent",2005-03-03,214226,77,true,julianchy,2026-02-22T22:39:53Z,"old school hip hop,east coast hip hop","Aftermath/Shady",0.925,0.659,3,-4.763,1,0.231,0.206,0.0000795,0.279,0.709,97.018,4
spotify:track:1auxYwYrFRqZP7t3s7w4um,"Ni**as In Paris","Watch The Throne","JAŸ-Z;Kanye West",2011-08-08,219333,84,true,julianchy,2026-02-22T22:39:57Z,"hip hop,east coast hip hop,rap","Roc Nation/RocAFella/IDJ",0.789,0.858,1,-5.542,1,0.311,0.127,0,0.349,0.775,140.022,4
spotify:track:2aI21FnmY7TJVKeMaoQZ0t,"Say It Right","Loose","Nelly Furtado",2006-01-01,223080,85,false,julianchy,2026-02-22T22:40:06Z,"","Mosley / Geffen",0.871,0.871,1,-6.328,1,0.139,0.0469,0.00114,0.0543,0.811,116.946,4
spotify:track:3E7ZwUMJFqpsDOJzEkBrQ7,"Can't Get You out of My Head","Fever","Kylie Minogue",2002-11-19,230640,81,false,julianchy,2026-02-22T22:40:13Z,"dance pop","Parlophone UK",0.766,0.563,9,-7.516,0,0.0339,0.0263,0.683,0.115,0.964,126.007,4
spotify:track:3aw9iWUQ3VrPQltgwvN9Xu,"Family Affair","No More Drama","Mary J. Blige",2001-08-28,265866,84,false,julianchy,2026-02-22T22:40:15Z,"r&b","Geffen",0.911,0.551,8,-3.75,0,0.045,0.133,0.0000435,0.0863,0.969,92.887,4
spotify:track:0TwBtDAWpkpM3srywFVOV5,"Crazy In Love (feat. JAY-Z)","Dangerously In Love","Beyoncé;JAŸ-Z",2003-03-10,235933,81,false,julianchy,2026-02-22T22:40:18Z,"hip hop,east coast hip hop,rap","Columbia",0.664,0.759,2,-6.583,0,0.209,0.00238,0,0.0598,0.701,99.252,4
spotify:track:0KQx6HOpJueiSkztcS0r7D,"Fallin'","Songs In A Minor","Alicia Keys",2001-06-05,210200,81,false,julianchy,2026-02-22T22:40:19Z,"r&b,neo soul","J Records",0.652,0.609,11,-7.519,0,0.037,0.263,0.00101,0.233,0.482,95.986,3
spotify:track:0mZ5GyrHG908lqrHaTw4hi,"No One","No One (Remixes)","Alicia Keys",2007-10-09,254523,80,false,julianchy,2026-02-22T22:40:23Z,"r&b,neo soul","J Records/Legacy",0.641,0.552,1,-5.423,0,0.0283,0.027,0.00000463,0.148,0.152,90.098,4
spotify:track:1hGy2eLcmC8eKx7qr1tOqx,"Beautiful Girls","Beautiful Girls","Sean Kingston",2007-07-23,225373,83,false,julianchy,2026-02-22T22:40:27Z,"","Epic",0.762,0.661,1,-6.075,0,0.0687,0.15,0,0.256,0.769,130.009,4
spotify:track:2bJvI42r8EF3wxjOuDav4r,"Time of Our Lives","Globalization","Pitbull;Ne-Yo",2014-11-24,229358,87,true,julianchy,2026-02-22T22:40:35Z,"","Mr.305/Polo Grounds Music/RCA Records",0.721,0.802,1,-5.797,1,0.0583,0.0921,0,0.694,0.724,124.022,4
spotify:track:1gihuPhrLraKYrJMAEONyc,"Feel So Close - Radio Edit","18 Months","Calvin Harris",2012-10-29,206413,88,false,julianchy,2026-02-22T22:40:41Z,"edm","Columbia",0.707,0.924,7,-2.842,1,0.031,0.000972,0.00703,0.204,0.919,127.937,4
spotify:track:6YUTL4dYpB9xZO5qExPf05,"Summer","Motion","Calvin Harris",2014-10-31,222533,87,false,julianchy,2026-02-22T22:40:45Z,"edm","Columbia",0.596,0.856,4,-3.556,0,0.0346,0.0211,0.0178,0.141,0.743,127.949,4
spotify:track:2O9O26335YYVckmRgPKY3s,"Alive","Ice On The Dune","Empire Of The Sun",2013-01-01,204546,80,false,julianchy,2026-02-22T22:40:48Z,"","EMI Recorded Music Australia Pty Ltd",0.524,0.882,5,-3.038,1,0.0367,0.108,0.0000011,0.071,0.399,119.94,4
spotify:track:433eYQkvCgJKXh1o7LtplV,"Por Qué la Envidia","Con el Corazón","Yeison Jimenez",2015-12-15,177528,72,false,julianchy,2026-02-22T23:30:03Z,"popular colombian music,ranchera,vallenato","YJ COMPANY",0.873,0.315,1,-11.191,0,0.0701,0.58,0,0.0254,0.964,124.94,4
spotify:track:0b9rQbZr4di61R6PFEpyg7,"Caballero - En Vivo","Ayer, Hoy y Siempre (En Vivo)","Luis Alfonso",2021-06-04,219069,61,false,julianchy,2026-02-22T23:30:12Z,"popular colombian music,ranchera,vallenato","YT Rocket",0.631,0.493,0,-7.456,1,0.0638,0.568,0,0.121,0.679,105.249,4
spotify:track:7qbPQqOYYMPdQqRqv7bNin,"Ya No Mi Amor","Todo de Mi (Vol. 4)","Yeison Jimenez",2017-04-04,200945,69,false,julianchy,2026-02-22T23:30:15Z,"popular colombian music,ranchera,vallenato","YJ COMPANY",0.595,0.321,9,-11.197,0,0.0692,0.392,0,0.0871,0.802,165.197,3
spotify:track:4ysgNOWbc02RUnCxQMzpeL,"Maldita Traga","Mi Promesa (Con el Corazon)","Yeison Jimenez",2019-03-15,181522,65,false,julianchy,2026-02-22T23:30:33Z,"popular colombian music,ranchera,vallenato","YJ COMPANY",0.742,0.57,9,-4.302,0,0.0376,0.542,0,0.205,0.647,79.936,3
spotify:track:29abLTf6kqg1j1HMUBzJ0o,"Te Hubieras Ido Antes","Te Hubieras Ido Antes","Pipe Bueno",2015-01-27,193104,62,false,julianchy,2026-02-22T23:30:36Z,"popular colombian music,ranchera,colombian pop,vallenato","Pipe Bueno",0.758,0.398,0,-6.658,1,0.0392,0.845,0,0.181,0.899,150.085,3
spotify:track:45DhsSxAU4rENWHUfaZedt,"El Precio de Tu Error - En Vivo","Ayer, Hoy y Siempre (En Vivo)","Luis Alfonso",2021-06-04,301220,58,false,julianchy,2026-02-22T23:30:49Z,"popular colombian music,ranchera,vallenato","YT Rocket",0.533,0.552,0,-7.186,0,0.218,0.295,0.00000896,0.381,0.474,146.529,3
spotify:track:4EGZyZc7wDLqvg5YdLTZ6E,"La Ex - En Vivo","El Señorazo (En Vivo)","Luis Alfonso",2023-03-23,171235,62,false,julianchy,2026-02-22T23:30:53Z,"popular colombian music,ranchera,vallenato","La Industria",0.765,0.782,2,-4.124,0,0.099,0.293,0,0.581,0.514,100.978,4
spotify:track:7wj3hweYixctVBC1QWZpy5,"Si yo Fuera Ladrón","Pipe Bueno","Pipe Bueno",2016-07-26,182462,52,false,julianchy,2026-02-22T23:31:01Z,"popular colombian music,ranchera,colombian pop,vallenato","Pipe Bueno",0.591,0.414,8,-6.307,1,0.0344,0.717,0,0.117,0.695,84.618,4
spotify:track:5PB1ITleNasy7UMYEaBWkL,"Qué Día Es Hoy","Con el Corazón","Yeison Jimenez",2015-12-15,179664,66,false,julianchy,2026-02-22T23:31:05Z,"popular colombian music,ranchera,vallenato","YJ COMPANY",0.878,0.268,0,-12.944,0,0.0674,0.195,0,0.187,0.894,119.794,4
spotify:track:776XLzBy6fZSlHf4jZo0aL,"No Me Digas Que No (Remix)","No Me Digas Que No (Remix)","Pipe Bueno;Luis Alfonso",2023-09-23,197380,59,false,julianchy,2026-02-22T23:31:30Z,"popular colombian music,ranchera,colombian pop,vallenato","Pipe Bueno",0.805,0.525,10,-6.122,1,0.031,0.705,0,0.109,0.911,98.981,4
spotify:track:3utK0tH0YhlB5fIjdy3em7,"Melina","Amor Libre","Camilo Sesto",1975-01-02,170800,67,false,julianchy,2026-02-23T01:14:52Z,"bolero","Ariola",0.573,0.648,2,-6.203,1,0.0368,0.754,0.00000105,0.0509,0.93,133.445,4
spotify:track:2D2GISPz94aFg526x54sfH,"El Amor de Mi Vida","Sentimientos","Camilo Sesto",1978-01-02,330666,66,false,julianchy,2026-02-23T01:14:56Z,"bolero","Ariola",0.269,0.302,4,-9.861,0,0.0302,0.706,0.000061,0.121,0.125,96.739,4
spotify:track:0zBMkG5wU2nmIyJnUwzqSP,"Celia","Leo Dan","Leo Dan",1963-10-31,110373,59,false,julianchy,2026-02-23T01:15:02Z,"ranchera,bolero,mariachi","Columbia",0.618,0.505,4,-7.005,1,0.0248,0.687,0,0.305,0.791,106.132,4
spotify:track:1B7A6h3mQ1UsWIlryDgUjT,"Donde Estés, Con Quien Estés","Amaneciendo","Camilo Sesto",1982-01-02,277266,65,false,julianchy,2026-02-23T01:15:06Z,"bolero","Ariola",0.369,0.637,0,-4.638,1,0.0382,0.661,0.0153,0.115,0.219,74.429,4
spotify:track:4os2bpWIC7YU2FOFdsSSpN,"Fresa Salvaje","Solo un Hombre","Camilo Sesto",1972-01-02,158133,45,false,julianchy,2026-02-23T01:15:08Z,"bolero","Ariola",0.631,0.649,6,-5.718,1,0.0382,0.582,0.0000603,0.29,0.858,121.517,4
spotify:track:588L3T9VgPngwtXUiFWnf6,"¿Qué Pasará Mañana?","Entre El Agua Y El Fuego","José Luis Perales",1982-02-28,211000,70,false,julianchy,2026-02-23T01:15:11Z,"trova,villancicos","Parlophone Spain",0.608,0.522,2,-13.044,0,0.0332,0.35,0,0.294,0.82,130.855,4
spotify:track:0WFatRyMXS4JVP9jSfO1Fe,"Me Llamas","Tiempo de otoño","José Luis Perales",1979,275066,71,false,julianchy,2026-02-23T01:15:14Z,"trova,villancicos","WM Spain",0.711,0.684,2,-7.186,1,0.0286,0.256,0.000264,0.304,0.76,124.851,4
spotify:track:5JptA6ilRyfYh7af1F0FZC,"Le Llamaban Loca","Originales (20 Exitos)","José Luis Perales",1986,231493,46,false,julianchy,2026-02-23T01:15:20Z,"trova,villancicos","Sony Special Marketing",0.6,0.645,0,-6.019,1,0.0272,0.25,0.00000144,0.0958,0.149,114.082,4
spotify:track:6Tnnk7MAnZiDx67DJN2hnx,"Mi gran noche","Digan Lo Que Digan: Banda Sonora Original De La Pe","Raphael",1967-12-30,180866,65,false,julianchy,2026-02-23T01:15:23Z,"villancicos","Parlophone Spain",0.645,0.653,9,-7.183,1,0.0629,0.579,0,0.0726,0.868,138.498,4
spotify:track:6ljWmeDCoqgIFOVKVmKEmu,"Como Tu Mujer","Como Tu Mujer","Rocío Dúrcal",1991-06-10,262706,74,false,julianchy,2026-02-23T01:15:27Z,"mariachi,ranchera,bolero","Ariola",0.638,0.528,11,-8.786,1,0.0234,0.222,0.0000243,0.076,0.613,96.053,4
spotify:track:2nejvFyJeTDtMRP2nUMt0J,"Abrázame Muy Fuerte","Abrázame Muy Fuerte","Juan Gabriel",2000-12-12,239426,80,false,julianchy,2026-02-23T01:15:30Z,"mariachi,ranchera,bolero,música mexicana","Ariola",0.515,0.387,4,-7.343,0,0.0567,0.689,0,0.126,0.312,135.739,4
spotify:track:7fYr68C6tRUsGIym4poraT,"Ya Te Olvidé","Como Tu Mujer","Rocío Dúrcal",1991-06-10,178426,66,false,julianchy,2026-02-23T01:15:33Z,"mariachi,ranchera,bolero","Ariola",0.511,0.463,1,-9.302,0,0.028,0.332,0.00000229,0.106,0.289,95.996,4
spotify:track:4vmMpLsykUkIZ445IOA4tc,"Con el Viento a Tu Favor","Rasgos","Camilo Sesto",1977-01-02,186733,60,false,julianchy,2026-02-23T01:15:37Z,"bolero","Ariola",0.635,0.548,5,-7.097,0,0.0301,0.603,0,0.394,0.812,81.606,4
spotify:track:6lZ2Qk3WcmrG4iDmaEqpvH,"Él Me Mintió","El Sonido Vol. 1","Amanda Miguel",1981-01-01,221626,76,false,julianchy,2026-02-23T01:15:39Z,"","DIAM Music",0.314,0.679,9,-3.922,0,0.0442,0.0596,0.0000113,0.158,0.257,204.76,4
spotify:track:1wXcuaEgq2oUYiugHjd46X,"Todo por Nada","Camilo Sesto - Algo Mas","Camilo Sesto",1973-01-02,201533,50,false,julianchy,2026-02-23T01:15:47Z,"bolero","Ariola",0.319,0.513,2,-6.838,1,0.0434,0.75,0.000396,0.215,0.51,151.154,4
spotify:track:0hTao6s03MkTStWfxAmnGk,"Así No Te Amará Jamás","El Sonido Vol. 1","Amanda Miguel",1981-01-01,171486,76,false,julianchy,2026-02-23T01:16:04Z,"","DIAM Music",0.658,0.843,3,-4.158,0,0.0583,0.538,0,0.0669,0.547,130.697,4
spotify:track:4FdwRmlzP5KGM7OewGBYiu,"Olvídame y Pega la Vuelta","Pimpinela","Pimpinela",1982-07-15,185800,69,false,julianchy,2026-02-23T01:16:07Z,"","Columbia",0.485,0.838,8,-5.759,1,0.181,0.454,0,0.691,0.571,76.693,4
spotify:track:0ScrUVrcTYIZijbqDZ3CJE,"Jamás","Amor Libre","Camilo Sesto",1975-01-02,204293,68,false,julianchy,2026-02-23T01:16:14Z,"bolero","Ariola",0.447,0.574,5,-5.442,1,0.0276,0.534,0.00000171,0.564,0.342,131.407,4
spotify:track:3aa8ZCrFFlKq7MZGCdkEkF,"Te Quiero Así","Te Quiero Así","Camilo Sesto",1980,283720,55,false,julianchy,2026-02-23T01:16:18Z,"bolero","Legacy Recordings",0.353,0.68,2,-4.092,1,0.0418,0.166,0.000136,0.122,0.433,74.803,4
spotify:track:5ozZHuU1nWqq2UaFM9xa5A,"Cómo Te Extraño Mi Amor","Como Te Extraño Mi Amor","Leo Dan",1964-10-31,175493,73,false,julianchy,2026-02-23T01:16:46Z,"ranchera,bolero,mariachi","Columbia",0.737,0.503,4,-9.83,1,0.0337,0.829,0,0.175,0.95,122.129,4
spotify:track:3DDtJh2PeHXUQ90uSZOoyg,"Pídeme la Luna","Como un León","Leo Dan",1992-10-31,222573,69,false,julianchy,2026-02-23T01:16:50Z,"ranchera,bolero,mariachi","Columbia",0.438,0.63,9,-11.851,1,0.0636,0.387,0.00000759,0.0785,0.468,165.142,4
spotify:track:2D7QsEzkNUzzFKqIFmvXcY,"Esa Pared","Exitos Con Mariachi","Leo Dan",2002-08-01,183640,61,false,julianchy,2026-02-23T01:16:53Z,"ranchera,bolero,mariachi","2015 Discos Continental, S.A. de C.V.",0.607,0.357,9,-7.283,1,0.0317,0.179,0,0.0571,0.736,107.362,4
spotify:track:3PDLKMueFy9va2zRQynuWK,"Llueve Sobre Mojado","Camilo","Camilo Sesto",1974-01-02,168466,58,false,julianchy,2026-02-23T01:17:01Z,"bolero","Ariola",0.365,0.649,0,-6.324,1,0.131,0.629,0,0.168,0.855,173.084,4
spotify:track:68PmM4PCTPh9HIJcKpnGAJ,"Has Nacido Libre","Horas de Amor","Camilo Sesto",1979-01-02,271573,56,false,julianchy,2026-02-23T01:17:14Z,"bolero","Ariola",0.658,0.514,7,-9.131,1,0.025,0.685,0,0.0976,0.671,104.138,4
spotify:track:350kyj3PwTFlQMOpWzRd3O,"Volveré","Diego En Los 70","Diego Verdaguer",2009-11-09,242253,73,false,julianchy,2026-02-23T01:17:36Z,"mariachi,ranchera","DIAM Music",0.5,0.417,7,-11.239,1,0.0325,0.871,0.0000171,0.232,0.455,120.067,4
spotify:track:3bWMCH2M7JWUga1WRagDzs,"Mi Viejo","Mi Viejo","Piero",1969-07-15,197960,65,false,julianchy,2026-02-23T01:17:44Z,"trova,nueva trova,bolero,latin folklore","Columbia",0.64,0.196,3,-9.643,0,0.0403,0.859,0.0000945,0.0888,0.299,75.525,4
spotify:track:3F1MIu5TCu3PAqO7aTqCAW,"Nuestro Juramento","Ecos de un Amor Perdido","Julio Jaramillo",1948-01-09,195973,65,false,julianchy,2026-02-23T01:17:48Z,"bolero,popular colombian music,ranchera","Evergreen Classics Records",0.835,0.313,11,-16.302,0,0.0381,0.784,0.00125,0.0672,0.791,125.177,4
spotify:track:5hqdPWZOEDlzMV3N8jQy9G,"Reminiscencias","Ecos de un Amor Perdido","Julio Jaramillo",1948-01-09,134943,60,false,julianchy,2026-02-23T01:17:52Z,"bolero,popular colombian music,ranchera","Evergreen Classics Records",0.716,0.421,7,-8.307,0,0.0495,0.593,0.00000103,0.203,0.752,158.363,3
spotify:track:4ufhKmLRwDVwiwHxsrPi4n,"Te Esperaré","Ecos de un Amor Perdido","Julio Jaramillo",1948-01-09,154186,54,false,julianchy,2026-02-23T01:17:57Z,"bolero,popular colombian music,ranchera","Evergreen Classics Records",0.491,0.446,7,-6.522,0,0.0494,0.36,0,0.199,0.536,169.616,3
spotify:track:1yvCNbdIg3lU2rKaXTWhxo,"Si No Te Hubieras Ido","Entre Besos Y Heridas","Marco Antonio Solís",2026-01-30,289226,71,false,julianchy,2026-02-23T01:18:05Z,"grupera,ranchera,mariachi,latin pop","UME - Global Clearing House",0.738,0.661,0,-4.577,1,0.024,0.231,0.000401,0.0936,0.452,95.031,4
spotify:track:1Vy7WUJubV9JEoebuJ9dfe,"Más Que Tu Amigo","Tu Amor O Tu Desprecio","Marco Antonio Solís",2003-01-01,209506,74,false,julianchy,2026-02-23T01:18:10Z,"grupera,ranchera,mariachi,latin pop","Fonovisa",0.786,0.604,0,-7.608,0,0.0413,0.221,0.0166,0.063,0.81,97.461,4
spotify:track:0LNn2O06dvsZqvWaS870xJ,"Tu Cárcel","Me Volvi A Acordar De Ti","Los Bukis",1987,212226,72,false,julianchy,2026-02-23T01:18:12Z,"grupera,ranchera","Fonovisa",0.814,0.61,7,-13.603,1,0.0279,0.356,0,0.0764,0.864,100.027,4
spotify:track:5ZsKEtkOiiPe5h87OEusdM,"Veinticinco Rosas","Rumores","Joan Sebastian",1997-08-28,180511,73,false,julianchy,2026-02-23T01:18:14Z,"ranchera,banda,mariachi,grupera,norteño,música mexicana","Musart-Balboa",0.801,0.566,9,-7.968,1,0.0321,0.0995,0.00000352,0.0385,0.874,92.119,4
spotify:track:1DVZafFlOB53zfGDVs8w1s,"Rumores","Rumores","Joan Sebastian;Lisa Lopez",1997-08-28,222476,76,false,julianchy,2026-02-23T01:18:22Z,"ranchera,banda,mariachi,grupera,norteño,música mexicana","Musart-Balboa",0.805,0.697,11,-7.349,0,0.0363,0.488,0,0.0922,0.721,125.842,4
spotify:track:3ic95qCcp0njJNb3mJTZaP,"Déjame Vivir (with Juan Gabriel)","Canta A Juan Gabriel","Rocío Dúrcal;Juan Gabriel",1984,222760,66,false,julianchy,2026-02-23T01:18:29Z,"mariachi,ranchera,bolero,música mexicana","RCA Records Label",0.753,0.233,7,-16.193,1,0.0468,0.74,0.00000737,0.0977,0.775,131.264,4
spotify:track:2vfJS6gcbDia3SeM6VH0Id,"El Noa Noa","Recuerdos","Juan Gabriel",1980,261839,61,false,julianchy,2026-02-23T01:18:33Z,"mariachi,ranchera,bolero,música mexicana","RCA Records Label",0.542,0.69,7,-14.889,1,0.0311,0.162,0.346,0.0809,0.908,156.641,4
spotify:track:66X4n0kUTnozDpvpEHnOzV,"Oiga","Mi Mexico Querido","Joan Sebastian;Prisma",2020-04-10,209676,63,false,julianchy,2026-02-23T01:18:36Z,"ranchera,banda,mariachi,grupera,norteño,música mexicana","Craft Recordings",0.659,0.494,0,-7.768,1,0.0238,0.707,0,0.295,0.354,103.591,4
spotify:track:5vmqRHDrMgdbw3CIvQycbj,"Siempre en Mi Mente","Siempre En Mi Mente","Juan Gabriel",1978-01-26,205866,68,false,julianchy,2026-02-23T01:18:38Z,"mariachi,ranchera,bolero,música mexicana","RCA Records Label",0.394,0.452,0,-9.307,1,0.0261,0.0621,0.000115,0.471,0.6,73.984,4
spotify:track:6067AQ1faFS4EZZmtFPWJM,"Lobo Domesticado","Mis Baladas Favoritas","Joan Sebastian",2012-09-07,164440,50,false,julianchy,2026-02-23T01:18:44Z,"ranchera,banda,mariachi,grupera,norteño,música mexicana","Musart-Balboa",0.718,0.514,2,-9.639,1,0.0265,0.405,0.00000687,0.291,0.824,115.769,4
spotify:track:4Vb5YCg2XtUIM7PxE0KqY6,"40 y 20","40 Y 20","José José",1992-10-26,240893,66,false,julianchy,2026-02-23T01:18:48Z,"bolero,bacardi","Ariola",0.493,0.389,4,-10.839,0,0.027,0.2,0.0000106,0.402,0.2,86.998,4
spotify:track:4Ffrs6kqh1cyNC1gdRWI38,"Si Me Dejas Ahora","Si Me Dejas Ahora","José José",1979-10-26,272000,67,false,julianchy,2026-02-23T01:18:54Z,"bolero,bacardi","Ariola",0.442,0.439,9,-9.877,1,0.0341,0.317,0,0.11,0.447,144.699,4
spotify:track:4hfiDzgfMqtcOiUQpZidBQ,"Quién Como Tú","Quién Como tú","Ana Gabriel",1990,211733,73,false,julianchy,2026-02-23T01:19:02Z,"ranchera,mariachi","Columbia",0.689,0.464,8,-10.979,1,0.0353,0.0812,0.000016,0.109,0.347,140.558,4
spotify:track:0fC6Szw2CX8XZYsydOLmVC,"¡Ay Amor!","Pecado Original","Ana Gabriel",1987-10-06,201040,72,false,julianchy,2026-02-23T01:19:04Z,"ranchera,mariachi","Pop Music",0.485,0.528,6,-12.048,1,0.0331,0.463,0,0.0755,0.383,149.119,4
spotify:track:5YndFYZkywO0F5taLwCEQR,"Evidencias","Silueta","Ana Gabriel",1992-06-30,256706,72,false,julianchy,2026-02-23T01:19:13Z,"ranchera,mariachi","Sony Music Entertainment",0.67,0.511,6,-9.243,1,0.0369,0.645,0,0.2,0.421,102.851,4
spotify:track:6CYf0PlFE36q772z8qrZrT,"Mi Talismán","Mi Mexico","Ana Gabriel",1991-07-29,288160,74,false,julianchy,2026-02-23T01:19:15Z,"ranchera,mariachi","Columbia",0.628,0.387,10,-9.23,1,0.0261,0.437,0.00000807,0.372,0.609,109.037,4
spotify:track:3bEjAIA1UHtRLX2gq8cO6B,"No Entiendo","Mi Mexico","Ana Gabriel",1991-07-29,223826,67,false,julianchy,2026-02-23T01:19:19Z,"ranchera,mariachi","Columbia",0.665,0.314,7,-9,1,0.0301,0.487,0.00000169,0.406,0.835,125.993,4
spotify:track:6BTiNXqAQ7WSzgGBzMYsc3,"Hechizo","Mi Mexico","Ana Gabriel",1991-07-29,207200,56,false,julianchy,2026-02-23T01:19:21Z,"ranchera,mariachi","Columbia",0.671,0.336,5,-11.351,1,0.0299,0.38,0,0.0665,0.559,124.018,4
spotify:track:7sj71Y12St8KlvMpBt4K27,"Hagamos Un Trato","El Sonido Vol. 1","Amanda Miguel",1981-01-01,166731,65,false,julianchy,2026-02-23T01:19:29Z,"","DIAM Music",0.524,0.682,5,-4.978,1,0.0265,0.181,0,0.123,0.529,106.809,3
spotify:track:6wwlTwsmum6s8nHDR2q7QQ,"No Te Hago Falta","Vivencias","Ana Gabriel",1996-02-01,298760,65,false,julianchy,2026-02-23T01:19:39Z,"ranchera,mariachi","Columbia",0.454,0.442,0,-8.363,1,0.0394,0.453,0,0.0579,0.256,95.842,4
spotify:track:35eHQOoJKDcubkh3A5quLc,"Donde Estará Mi Primavera","Más De Mi Alma","Marco Antonio Solís",2001-01-01,257399,72,false,julianchy,2026-02-23T01:19:49Z,"grupera,ranchera,mariachi,latin pop","Fonovisa",0.291,0.454,7,-4.472,0,0.0302,0.429,0.000203,0.135,0.232,175.699,4
spotify:track:4WTTh1YtBwf8hhKvRyJPwi,"O Me Voy O Te Vas","Más De Mi Alma","Marco Antonio Solís",2001-01-01,287626,70,false,julianchy,2026-02-23T01:19:55Z,"grupera,ranchera,mariachi,latin pop","Fonovisa",0.653,0.64,11,-4.517,1,0.0264,0.0732,0.000473,0.0925,0.396,96.011,4
spotify:track:1Agu4u8a8Qm28zq5JtwaVv,"¿A Dónde Vamos A Parar?","En Total Plenitud","Marco Antonio Solís",2010-01-01,228920,71,false,julianchy,2026-02-23T01:19:58Z,"grupera,ranchera,mariachi,latin pop","Fonovisa",0.383,0.482,0,-4.979,1,0.0286,0.458,0.00381,0.121,0.181,143.916,4
spotify:track:0oTtqBAfTxeawxx1saJQSh,"El Peor De Mis Fracasos","Trozos De Mi Alma","Marco Antonio Solís",2003-01-01,254200,68,false,julianchy,2026-02-23T01:20:04Z,"grupera,ranchera,mariachi,latin pop","Fonovisa",0.569,0.571,2,-6.649,1,0.026,0.268,0.0000748,0.341,0.421,94.044,4
spotify:track:0T7JubkdjBXNDVadRIq2ck,"Un Buen Perdedor","Franco de Vita","Franco De Vita",1990-11-01,240226,70,false,julianchy,2026-02-23T01:20:07Z,"latin pop","distribuidora Sonografica",0.438,0.442,0,-12.691,1,0.0419,0.446,0,0.544,0.161,125.62,4
spotify:track:3vxsXUUU9jUJrGNP4APtj3,"Te Amo","Al Norte Del Sur","Franco De Vita",1988,227200,67,false,julianchy,2026-02-23T01:20:10Z,"latin pop","Pop Music",0.629,0.278,0,-14.091,1,0.0338,0.814,0,0.102,0.379,119.502,4
spotify:track:3dvw72c1XCh2oznmecISzA,"No Basta","Mis 30 Mejores Canciones","Franco De Vita",1989,272360,62,false,julianchy,2026-02-23T01:20:12Z,"latin pop","SMI Artist",0.674,0.673,10,-6.468,1,0.0281,0.461,0.00000675,0.344,0.386,129.393,4
spotify:track:21Afb9akcjAgOrfFeYRXjS,"Doce Rosas","Lorenzo Antonio","Lorenzo Antonio",2002-05-09,229668,59,false,julianchy,2026-02-23T01:20:14Z,"","Musart-Balboa",0.663,0.551,2,-9.923,1,0.0341,0.25,0,0.111,0.638,117.39,4
spotify:track:7BVMtLpd7edHeOizt4RWz9,"Frágil","Obsessed Pt. 2","Yahritza Y Su Esencia;Grupo Frontera",2023-09-08,160517,64,false,zptjlytrhkfvnay62b8i1w5gr,2026-02-23T02:47:47Z,"sad sierreño,música mexicana,cumbia norteña,banda,norteño,corrido,corridos tumbados,grupera,tejano,ranchera","Lumbre Music/Columbia",0.605,0.726,6,-4.515,1,0.0309,0.365,0,0.112,0.393,149.918,4
spotify:track:0SqqAgdovOE24BzxIClpjw,"Yo Perreo Sola","YHLQMDLG","Bad Bunny",2020-02-29,172127,83,true,zptjlytrhkfvnay62b8i1w5gr,2026-02-23T02:48:00Z,"reggaeton,trap latino,latin,urbano latino","Rimas Entertainment LLC",0.86,0.758,11,-5.16,1,0.0695,0.021,0.0000654,0.344,0.453,97.014,4
spotify:track:2WfaOiMkCvy7F5fcp2zZ8L,"Take on Me","Hunting High and Low","a-ha",1985-06-01,225280,89,false,julianchy,2026-02-23T03:23:12Z,"new wave,synthpop","Rhino",0.573,0.902,6,-7.638,0,0.054,0.018,0.00125,0.0928,0.876,84.412,4
spotify:track:2374M0fQpWi3dLnB54qaLX,"Africa","Toto IV","TOTO",1982-04-08,295282,89,false,julianchy,2026-02-23T03:23:17Z,"yacht rock,soft rock","Columbia",0.671,0.373,9,-18.064,1,0.0323,0.257,0.0000801,0.0481,0.732,92.718,4
spotify:track:6kk07URPWTiRzULynSOVrs,"Maniac - From ""Flashdance""","ドライブが楽しくなる洋楽ヒッツ！80年代 DANCE","Michael Sembello",2025-05-02,246000,73,false,julianchy,2026-02-23T03:23:23Z,"","UME - Global Clearing House",0.605,0.756,3,-5.897,0,0.0553,0.0396,0.0000026,0.0447,0.827,157.714,4
spotify:track:3mRM4NM8iO7UBqrSigCQFH,"Stayin' Alive - From ""Saturday Night Fever"" Soundtrack","Greatest","Bee Gees",1979-01-01,285373,83,false,julianchy,2026-02-23T03:23:27Z,"disco","Bee Gees Catalog",0.703,0.827,10,-7.179,0,0.0343,0.032,0.00636,0.179,0.944,103.564,4
spotify:track:5vdp5UmvTsnMEMESIF2Ym7,"Another One Bites The Dust - Remastered 2011","The Game (2011 Remaster)","Queen",1980-06-27,214653,83,false,julianchy,2026-02-23T03:23:43Z,"classic rock,rock,glam rock","EMI",0.933,0.528,5,-6.472,0,0.161,0.112,0.312,0.163,0.754,109.967,4
spotify:track:2zYzyRzz6pRmhPzyfMEC8s,"Highway to Hell","Highway to Hell","AC/DC",1979-07-27,208110,88,false,julianchy,2026-02-23T03:23:47Z,"rock,hard rock,classic rock,rock and roll","Columbia",0.574,0.913,6,-4.793,0,0.133,0.061,0.00158,0.156,0.423,115.728,4
spotify:track:4u7EnebtmKWzUH433cf5Qv,"Bohemian Rhapsody - Remastered 2011","A Night At The Opera (2011 Remaster)","Queen",1975-11-21,354320,83,false,julianchy,2026-02-23T03:23:52Z,"classic rock,rock,glam rock","EMI",0.411,0.404,0,-9.928,0,0.0511,0.271,0,0.3,0.226,71.068,4
spotify:track:0ee1DiZF94NSqqpG0XHUzH,"Livin' On A Prayer","Slippery When Wet (Deluxe Edition)","Bon Jovi",1986,250209,83,false,julianchy,2026-02-23T03:23:55Z,"glam metal","Bon Jovi Dist Deal (Catalog)",0.532,0.86,0,-4.427,1,0.0348,0.0029,0.000185,0.221,0.641,122.626,4
spotify:track:5tewIdMVsaJWN19ZnmnPNN,"Hunting High and Low","Hunting High and Low","a-ha",1985-06-01,228693,69,false,julianchy,2026-02-23T03:24:19Z,"new wave,synthpop","Rhino",0.513,0.676,9,-6.148,0,0.0309,0.301,0,0.0864,0.311,116.592,4
spotify:track:5dQVCKjXLD4GdnWnrTswJO,"Me Levanté","Me Levanté","Dave Bolaño",2022-06-03,187510,58,false,zptjlytrhkfvnay62b8i1w5gr,2026-02-27T23:17:04Z,"colombian pop","Rola Inc.",0.716,0.786,9,-4.873,1,0.0792,0.489,0,0.134,0.962,169.962,4
spotify:track:0grtL2b9mfjf9mfOxVZJhP,"Formas De Amor","Sin Miedo","Calo",1994-01-01,242053,68,false,zptjlytrhkfvnay62b8i1w5gr,2026-02-28T18:31:11Z,"latin pop","Universal Music Mexico",0.732,0.839,10,-7.948,0,0.0539,0.0456,0.031,0.0448,0.933,95.071,4
spotify:track:5yvCAyzm3gkbBDJFTX26ZV,"Qué Onda Perdida","La Ratonera","Gerardo Coronel",2023-05-19,223695,54,false,zptjlytrhkfvnay62b8i1w5gr,2026-03-27T20:58:07Z,"banda,sierreño,corrido,norteño,sad sierreño","Union Music Inc",0.716,0.342,2,-5.248,1,0.0329,0.671,0.0000151,0.0795,0.741,78.018,4
spotify:track:04YMLAsyIAe1sLb6RO5YcC,"J Balvin: Bzrp Music Sessions, Vol. 62/66","J Balvin: Bzrp Music Sessions, Vol. 62/66","Bizarrap;J Balvin",2025-12-26,190384,75,false,zptjlytrhkfvnay62b8i1w5gr,2026-04-24T22:38:35Z,"argentine trap,trap latino,urbano latino,reggaeton,latin","DALE PLAY Records",0.774,0.79,2,-5.376,0,0.0321,0.312,0.000359,0.117,0.511,129.959,4
